업체,주소
(A+)늘찬 복지용구,"서울특별시 송파구 백제고분로42길 32, 2층 (송파동, 보승빌딩)"
(A+)서울시니어스 원스톱 실버케어,서울특별시 강동구 천중로52길 3 (길동)
(Hi)하이케어서비스,"서울특별시 강서구 화곡로21길 71, 117호 (화곡동, 스위트드림아파트)"
(사)한국지체장애인협회 양구군지회,"강원도 양구군 비봉로73번길 12 (양구읍, 양구119안전센터)"
(사)한뇌협 김천전동스쿠터판매수리센터,경상북도 김천시 지좌강변길 11 (지좌동)
(수)복지용구의료기,"전라남도 순천시 순광로 218 (해룡면, 성심약국)"
(유)진산메디칼,전라북도 전주시 완산구 쑥고개로 398-12 (효자동2가)
(유)하늘케어,"전라북도 군산시 백릉로 23 (경암동, 쿨피시방)"
(주) 닛신 하남지점,"경기도 하남시 조정대로 150, 751호 (덕풍동, 아이테코)"
(주) 시온요양기관,"제주특별자치도 제주시 중앙로 603, 2층 (아라일동)"
(주)가가헬스케어,광주광역시 남구 봉선1로 19-1 (봉선동)
(주)가가호호시니어비전,"부산광역시 남구 수영로 248 , 201호 (대연동, 메트로타워)"
(주)강남실버복지센터,"서울특별시 강남구 양재대로55길 29, 402호 (일원동)"
(주)거봉,"충청남도 아산시 음봉로681번길 40-51 (음봉면, (주)거봉)"
(주)거성케어,경기도 하남시 춘궁로 84 (하사창동)
(주)국민복지환경,대전광역시 동구 신기로 42 (가오동)
(주)금강케어,광주광역시 광산구 장신로20번길 13-10 (장덕동)
(주)나누우리,"경기도 고양시 덕양구 토당로 166, 203호 (토당동, 동아2빌딩)"
(주)나사,"경기도 화성시 경기대로1046번길 5, 105호 (진안동)"
(주)나연메디칼,"경기도 구리시 아차산로405번길 74, 1층 (교문동)"
(주)넥스트메디텍,경기도 안성시 하구산길 151 (죽산면)
(주)닛신,"경기도 양평군 중앙로 260, 2층 (양평읍, 국립교통재활병원)"
(주)닛신 성남지점,경기도 성남시중원구 상대원1동(상대원동) 311-3 우림라이온스밸리 1차612호
(주)대성홈메디케어,"부산광역시 북구 효열로203번가길 50, 1층 (금곡동, 우방하이츠빌라)"
(주)대세 엠. 케어 서울영업소,서울시 송파구 방이1동(방이동) 227-12 대세 엠.케어 빌딩
(주)대세 엠.케어,대구광역시 달서구 호산로 14 (호산동)
(주)대세엠.케어대구동영업소,대구광역시 북구 검단동로 48-15 (검단동)
(주)대세엠케어,"광주광역시 광산구 장덕로39번길 10, 102호 (장덕동)"
(주)대세엠케어,대전광역시 동구 대전로 913 (삼성동)
(주)대세엠케어,"부산광역시 부산진구 엄광로 123, 2층동 (가야동)"
(주)대세엠케어 경인지점,서울특별시 강동구 명일로10길 13 (둔촌동)
(주)대세엠케어 중부지역본부,충청북도 청주시흥덕구 서촌동(강서제1동) 572-9
(주)대송메디칼,"충청북도 청주시 흥덕구 1순환로 617 (봉명동, 광혜빌딩１０１호)"
(주)대한의료기,경기도 용인시 기흥구 원고매로 112 (고매동)
(주)더 미래 복지재단,전라북도 정읍시 충정로 161 (상동)
(주)동래클린케어,부산광역시 동래구 아시아드대로171번길 19 (사직동)
(주)디에스메디텍,"대구광역시 달성군 비슬로 2642 (화원읍, 권능교회)"
(주)디에스아이,대구광역시 달서구 성서공단로58길 56 (월암동)
(주)라이프케어,"경기도 고양시 일산동구 중앙로 1047, 1020호 (백석동, 영림브레아오피스텔)"
(주)레마온종일케어 유통사업부,"대구광역시 북구 노원로 62, 1층 103호 (노원동3가)"
(주)레이케어,"서울특별시 용산구 한강대로 205 , D동 701호 (한강로1가, 용산파크자이)"
(주)레이케어 일산공장,경기도 고양시 일산서구 덕산로 196-40 (가좌동)
(주)리베라빗,"서울특별시 서대문구 수색로 43 , 203호 (남가좌동, 사회적경제마을센터)"
(주)메디위,경기도 오산시 서동로65번길 18 (서동)
(주)메디타운,경기도 광주시 가마을길 228-9 (곤지암읍)
(주)모닝메디케어,대구광역시 달성군 강정본길 68-10 (다사읍)
(주)바디렉스,"충청남도 천안시 서북구 미라4길 18, 2층 (쌍용동)"
(주)바이메드,"경기도 하남시 미사강변서로 16, 에프615호 (풍산동, 하우스디스마트밸리)"
(주)바이오피지오,"서울특별시 광진구 천호대로 536 (군자동, 서림빌딩 지하1층)"
(주)바이크코리아,서울특별시 강동구 천호대로 1212 (둔촌동)
(주)베스트메디칼,전라남도 목포시 백년대로337번길 6 (상동)
(주)보필 북부산센터,"부산광역시 북구 의성로115번길 70, 1층 (덕천동)"
(주)복음의료기,"경기도 고양시 덕양구 통일로 760, 223호,233호 (관산동, 더퍼스트프라임)"
(주)비앤티코리아,"대구광역시 남구 명덕로 46, 1,4,5층 (대명동)"
(주)비제이메디칼디바이스,"서울특별시 양천구 안양천로 1071 (목동, 이화여대목동병원)"
(주)비즈너리,"인천광역시 계양구 경명대로 1029, 27 지하1층층 (계산동)"
(주)삼우티에스,"부산광역시 연제구 거제시장로22번길 63, 1층 (거제동)"
(주)선일의료기,"부산광역시 동래구 충렬대로272번길 11, 1층 (낙민동)"
(주)세영메디칼,"부산광역시 동구 고관로 164, 101호 (좌천동)"
(주)수메디,광주광역시 서구 무진대로 484 (덕흥동)
(주)수원보장구수리센터,"경기도 수원시 팔달구 창룡대로210번길 13, 상가동 104호 (우만동, 주공3단지아파트)"
(주)시니어가디언스,"경기도 하남시 하남대로 227-14 1층, 2층 (상산곡동)"
(주)씨엔와이,"인천광역시 서구 건지로284번길 99 지하1층, B01층 (가좌동)"
(주)아들러,"경기도 고양시 일산동구 동국로 30, 204호 (식사동)"
(주)아이벡스메디칼시스템즈,"강원도 원주시 지정면 기업도시로 200 4층 (지정면, 의료기기종합지원센터)"
(주)아이벡스메디칼시스템즈 강남지점,"서울특별시 강남구 봉은사로 203, 5층 (논현동, 명진빌딩)"
(주)아이엘티,"인천광역시 서구 승학로 515, 409호 (검암동, 대림프라자)"
(주)애니메디,"서울특별시 영등포구 당산로38길 5, 지층 (당산동4가, 해승빌딩)"
(주)애드에이블,"충청남도 천안시 서북구 천안대로 1223-24, 산업협동 314호 (부대동, 공주대학교천안공과대학)"
(주)액티피아,"서울특별시 동작구 등용로14길 60, 2층 (노량진동, 유한하이퍼마켓)"
(주)에스엘메디케어,"서울특별시 동작구 사당로 169, 6층 (사당동, 에스엘빌딩)"
(주)에이블디자인스,"강원도 원주시 동화공단로 130-2, 202호 (문막읍)"
(주)에이블라이프,경기도 광주시 산수로532번길 16 (초월읍)
(주)엔에스비에스,"경기도 고양시 일산동구 공릉천로 379, 102호 (지영동)"
(주)엔티바이오,경기도 포천시 가산면 정금로255번길 4-49 (가산면)
(주)엠코리아,"서울특별시 성동구 왕십리로 58, 102,117호 (성수동1가, FORHU)"
(주)엠피에스코리아,경기도 용인시 처인구 양지면 중부대로2401번길 14 (양지면)
(주)연세의료기,"대구광역시 동구 경안로 771, 3층 (동호동)"
(주)영주헬스산업,"경상북도 영주시 구성로 321, 2층 (영주동)"
(주)예담케어,"서울특별시 중랑구 상봉중앙로 44-1, 1층 (상봉동, REWIND 빌딩)"
(주)오소피아,서울특별시 영등포구 양평동2가(양평제1동)
(주)오소피아,서울특별시 은평구 수색로(수색동) 275 1층
(주)오토앤로봇,충청남도 아산시 음봉면 음봉로681번길 50 (음봉면)
(주)오픈메디칼,"서울특별시 강서구 양천로 583, B동 24층 2402호 (염창동, 우림블루나인비즈니스센터)"
(주)우리모두행복한세상,"서울특별시 양천구 은행정로2길 2, 101호 (신정동, 행복한 세상)"
(주)원남메디칼,"서울특별시 금천구 벚꽃로12길 15, 102호 (독산동, 지산아이티벤처센터)"
(주)원남메디칼 인천지사,인천시 미추홀구 주안8동(주안동) 1532
(주)원메디,"대전광역시 유성구 복용남로 55, 1층 (복용동)"
(주)위드휠,부산광역시 강서구 대저로255번길 29 (대저1동)
(주)위블루씨엘,"대구광역시 남구 성당로62길 20, 1층 (대명동)"
(주)유진메디케어,서울시 성동구 성수2가제3동(성수동2가) 275-28 201호
(주)유진헬스케어,"서울특별시 성동구 아차산로15길 34, 2층 구관호 (성수동2가, 오복빌딩)"
(주)이노코리아,"부산광역시 북구 효열로 76-1, 110호 (금곡동, 주공아파트)"
(주)이씨파트너스,"경기도 파주시 탑삭골길 103, 1층 (조리읍)"
(주)이씨파트너스 복지용구사업소,"경기도 고양시 덕양구 용현로 7, 201-1호 (행신동)"
(주)이원건강의료기,"서울특별시 종로구 경교장길 35, 상가동 1층 3143호 (평동, 경희궁자이 3단지)"
(주)이지무브,경기도 안양시 만안구 안양로 230 (안양동)
(주)제주연합상사,"제주특별자치도 제주시 오복7길 11, 101호 (이도이동, 산들에빌)"
(주)조아,"경기도 광명시 덕안로104번길 17, 138호 (일직동)"
(주)케어라인,"충청북도 보은군 내북산외로 112 (내북면, (주)케어라인)"
(주)케어로알엔디,"서울특별시 중랑구 겸재로23가길 16 (면목동, 한국야쿠르트)"
(주)케이디텍,"서울특별시 영등포구 영등포로5길 19 , 901~903호 (양평동2가, 동아프라임밸리)"
(주)케이엘트레이딩,경기도 화성시 금곡로257번길 66 (금곡동)
(주)콤슨,"경기도 성남시 중원구 사기막골로 124, 1212호 (상대원동, SKn테크노파크)"
(주)클리어뷰헬스케어,경기도 화성시 마도로 384-10 (마도면)
(주)태양,"경기도 안양시 만안구 덕천로 105, 1층 (안양동)"
(주)태양메디텍,서울시 서대문구 천연동(천연동) 48-5
(주)통일의료기,"서울특별시 종로구 종로 275, 1,2층 (종로6가)"
(주)통일의료기광주센터,광주시 광산구 첨단2동(산월동) 884-2 첨단3-3차 호반리젠시빌제상가 1동105호
(주)퍼스트원,경기도 남양주시 와부읍 석실로408번길 137-16 (와부읍)
(주)포트,"대구광역시 수성구 수성로 272, 4층 (중동, k빌딩)"
(주)하우메디케어,"경기도 하남시 미사강변서로 25, F327,F328호 (풍산동, 미사 테스타타워 지식산업센터)"
(주)한국엠.케어,"대전광역시 서구 정림로 55 (정림동, 우성아파트　상가동202호)"
(주)한독의료기,경상북도 문경시 당교11길 5 (모전동)
(주)한마음,경상남도 창원시 진해구 진해대로 1042 (풍호동)
(주)한빛의료기,"대구광역시 동구 율하서로 62, 1층 (율하동)"
(주)한우리건강,"대구광역시 북구 학정로 534 , 4동 (학정동, 태성빌딩)"
(주)한일의수족,"광주광역시 동구 제봉로 55, 1층 (남동)"
(주)한일의수족,광주시 남구 양림동(양림동) 24-37
(주)한일의수족,전남 목포시 용해동(용해동) 22-52
(주)해오름케어,부산광역시 북구 금곡대로616번길 109 (금곡동)
(주)해피라이프,"경기도 안산시 단원구 원포공원1로 30, 402호 (초지동, 서해프라자)"
(주)해피로드,"서울특별시 용산구 백범로90라길 28 , 110호 (문배동, 삼라마이다스빌)"
(주)핸디케어,"인천광역시 부평구 경인로 735 (십정동, 동서빌딩)"
(주)햇빛나눔,"경기도 부천시 부천로130번길 32, 2층 (원미동)"
(주)현대의료기,경상남도 창원시 마산회원구 합성동2길 6 (합성동)
(주)혜성의료기,"대구광역시 달서구 달구벌대로243길 42, 1층 (이곡동)"
(주)휠로피아,서울특별시 강서구 개화동로5길 3-26 (개화동)
(주)휠로피아,서울특별시 강서구 개화동로5길 3-26 (개화동)
(주)휴먼메디칼,"광주광역시 광산구 목련로394번길 50, 1층 (신가동)"
100세 광양의료기,전라남도 광양시 공영로 92 (중동)
100세 동안,광주광역시 동구 백서로 172 (서석동)
100세 동안 제천점,충청북도 제천시 내토로 518 (화산동)
100세 보청기 스쿠터,"경상남도 함양군 고운로 74-1 (함양읍, 호수미용실)"
100세 의료기,전라남도 화순군 자치샘로 64 (화순읍)
100세 의료기 나주점,"전라남도 나주시 나주로 211 (성북동, 남원골추어탕)"
100세건강의료기,"인천광역시 계양구 장제로 925, 101호 (병방동)"
100세건강의료기총판,서울특별시 광진구 영화사로 4 (중곡동)
100세동안 남동구점,"인천광역시 남동구 구월남로 172, 1층 107호 (구월동)"
100세동안 뉴케어,강원도 춘천시 효석로25번길 10 (효자동)
100세동안 사당점,"서울특별시 동작구 남부순환로 2023 (사당동, 1층)"
100세동안 서대문점,"서울특별시 서대문구 홍연길 82, 2층 (연희동)"
100세동안 파주점,경기도 파주시 가나무로 131 (금릉동)
100세동안(수정점),"경기도 성남시 수정구 제일로 175-1, 1층 (태평동)"
100세동안당진점,"충청남도 당진시 당진시장서길 14-15 (읍내동, 100세동안당진점)"
100세동안목포점,"전라남도 목포시 옥암로 116, 1호 (옥암동)"
100세동안영주점,"경상북도 영주시 영주로 184 (영주동, 백세동안)"
100세동안재가장기요양기관(청주점),"충청북도 청주시 서원구 사직대로 270, 1층 (사직동)"
100세시대,"인천광역시 미추홀구 경인로 497, 1층 1호 (주안동)"
365행복케어,세종특별자치시 충현로 90 (조치원읍)
9988의료기,"전라남도 순천시 순광로 209 (조례동, 승주약국)"
A+지엔케어복지용구센터,"경기도 시흥시 월곶중앙로 90, 207호 (월곶동, 월곶동풍림1차아파트)"
A+홈케어복지용구,"서울특별시 광진구 자양로 67, 3층 301호 (자양동, 조다단빌딩)"
A플러스복지용구,강원도 춘천시 후석로 423-1 (후평동)
CM의료기,서울특별시 광진구 자양로13길 19 (자양동)
CR메디칼,"광주광역시 광산구 신창로 8, 8층 (신가동)"
DS 메디텍,"경상남도 김해시 율하3로 22, 103호 (율하동)"
GS의료기,전라남도 곡성군 곡성로 761 (곡성읍)
HB 메디칼,경상북도 청도군 청도신기길 13 (청도읍)
HU홀딩스,경기도 남양주시 남가로 1673-64 (수동면)
K3,제주특별자치도 제주시 원노형남2길 19-0 (노형동) 청솔빌리지
KEC의료기산업,"전라북도 전주시 완산구 전주객사3길 62, 1205호 (고사동, 뉴롯데오피스텔)"
KR모터스 나주대흥대리점,"전라남도 나주시 풍물시장2길 67 (이창동, 효성스즈끼대흥대리점)"
KR모터스 의료기기,충청남도 예산군 예산로 36 (예산읍)
MS메디칼,부산광역시 서구 충무대로 167 (남부민동)
MS메디케어,"부산광역시 금정구 시실로 11-6, 2층 (부곡동)"
MS보조기의료기,경상북도 구미시 구미중앙로 37 (원평동)
NEW 100세 의료기,충청남도 서산시 한마음13로 6 (석림동)
NJC,경기오산궐616-1우남퍼스트빌상가에이-102
ORTEC(올텍)보조기,경상북도 포항시 북구 중앙로 200 (죽도동)
SH 의지센터,"대구광역시 북구 호국로57길 36, 1층 (서변동)"
TS금강,"서울특별시 금천구 시흥대로 399, 2층 206호 (독산동, 시티렉스)"
Z-119 (모든레져),"경상남도 창원시마산회원구 무역로 271, 상가2동 101호 (봉암동, 봉암아파트)"
가가의료기,전라북도 김제시 중앙로 86 (요촌동)
가가의료기,광주광역시 남구 봉선1로 19-1 (봉선동)
가가의료기,"경상남도 진주시 대신로348번길 20, 1층 (하대동)"
가가호호성실복지용구,"인천광역시 서구 심곡로56번길 18-2, 1층 (심곡동)"
가나의료기,전라북도 부안군 부안읍 번영로 136 (1층)
가나의료기,"서울특별시 노원구 한글비석로24길 37, 1층 (상계동, 신천교회)"
가나의료기,광주광역시 북구 평교로18번길 58 (우산동)
가나의료기,강원도 강릉시 옥가로50번길 1 (옥천동)
가나의료기,"경기도 의정부시 금오로 121-7 (금오동, 진빌딩)"
가나의료기 임대,충청북도 제천시 의림대로 42-2 (화산동)
가나의료기.독일보청기,전라남도 광양시 중마중앙로 87 (중동)
가람의료기,경상남도 창원시 의창구 사림로 12 (사림동)
가야메디케어,"경상남도 김해시 구지로 129, 1층 (대성동)"
가야의료기,대구광역시 서구 평리로 152 (중리동)
가야의료기상사,경상남도 합천군 충효로 84-5 (합천읍)
가연복지센터,"경기도 부천시 원미구 원미로143번길 31, 1층 (원미동)"
가온,전라남도 담양군 천변5길 7-1 (담양읍)
가온메디케어,"경기도 화성시 화산중앙로64번길 18, 2층 (송산동)"
가온유통,"경상남도 합천군 동서로 42-3, 2호 (합천읍)"
가장 좋은 복지용구,"대전광역시 서구 월평동로 45 진달래 상가동, B07호 (월평동, 진달래아파트)"
가정복지,"경기도 부천시 부천로103번길 9, 1층 (심곡동)"
가정의료기,"서울특별시 영등포구 신길로28길 9 힐스테이트상가, 상가동 지1층 210호 (신길동, 힐스테이트 클래시안)"
가정의료기,"경기도 부천시 경인로 197-1, 1층 (심곡본동)"
가정의료기,"경기도 동두천시 삼육사로 1000, 102호 (생연동)"
가족사랑의료기,"충청남도 논산시 청동로 39-1, 102호 (연산면)"
가촌사회적협동조합,"경기도 이천시 이여로 265, 나동 (백사면)"
가톨릭의료기,대구광역시 남구 두류공원로 91 (대명동)
감동,"경기도 남양주시 비룡로 810, 1층 (수동면)"
감사의료기기,"서울특별시 강서구 허준로 198, 306호 (가양동, 가양프라자)"
강남의료기,"서울특별시 동작구 신대방길 108, 1층 (신대방동, 대림속셈주산학원)"
강남의료기상사,부산광역시 북구 금곡대로 10 (덕천동)
강남종합의료기,서울특별시 용산구 대사관로 60 (한남동)
강동효성노인복지센터복지용구,서울특별시 강동구 상암로 116 (천호동)
강릉바이크프라자,강원도 강릉시 강릉대로 100 (홍제동)
강릉의료기,강원도 강릉시 방동길 16 (사천면)
강산의료기,전라남도 화순군 칠충로 116 (화순읍)
강원TOM,"강원도 춘천시 새롬공원길4번길 3-3, 1층 (석사동)"
강원의료기,강원도 원주시 원일로115번길 10 (일산동)
강원의료기.벨톤보청기,강원도 속초시 번영로 206-2 (영랑동)
강원의료기상사,강원도 춘천시 백령로 153 (효자동)
강원휠스피아,"강원도 원주시 늘품로 120-6, 1층 (단구동)"
강진스쿠터,"전라남도 강진군 동성로 22, 1층 (강진읍)"
강진의료복지용구,전라남도 강진군 중앙로 33 (강진읍)
강화의료기,인천광역시 강화군 강화읍 강화대로 430 (중앙시장B동나-4호)
거산메디컬,강원도 속초시 번영로 207 (영랑동)
거산의료기,대전광역시 중구 중교로 5 (대흥동)
"거산의료기,보청기","제주특별자치도 서귀포시 일주동로 8639 (서귀동, 백록결혼상담소)"
거성의료기상사,경상남도 진주시 강남로95번길 14 (칠암동)
거제삼성의료기,경상남도 거제시 서문로 69 (고현동)
거제의료기,경상남도 거제시 두모길 3-8 (두모동)
거창의료기,"경상남도 거창군 거창대로 81-1, 1층 (거창읍, 김치과의원)"
건강100세,경상남도 김해시 칠산로325번길 5 (화목동)
건강생활,"인천광역시 부평구 시장로 33, 7층 (부평동, 한남시티프라자)"
건강생활점/케이에이치라이프숍,경기도 의정부시 하금로25번길 33 (금오동)
건강우리의료기,"전라북도 전주시 완산구 서원로 388, 202호 (중화산동1가, 신일아파트 상가)"
건강의료기,경상남도 진주시 진주대로 853-1 (주약동)
건강의료기,"충청북도 청주시 상당구 상당로 4-2, 1층 (서운동, 서울삼성치과)"
건강의료기,울산광역시 중구 문화의거리 9 (성남동)
건강의료기,전라남도 여수시 좌수영로 28 (서교동)
건강의료기,"전라남도 순천시 장평로 60, E19호 (풍덕동)"
건강의료기,부산광역시 중구 보수대로 22 (부평동2가)
건강의료기,"경기도 부천시 원미구 계남로 309-3, 1층 3호 (춘의동)"
건강의료기,"경기도 구리시 이문안로 123, 1층 (수택동)"
건강의료기,강원도 홍천군 홍천로 358 (홍천읍)
건강의료기 한국병원점,충청북도 청주시 상당구 영운로 53 (영운동)
건강의료종합상사,"충청북도 음성군 음성로 1645, 1층 (생극면)"
건강한100세하나복지용구,"대전광역시 유성구 문화원로146번길 7-28, 101호 (봉명동, 위드리버 주상복합아파트)"
건강한의료기,부산광역시 동구 중앙대로 393 (수정동)
건국대학교병원,서울특별시 광진구 능동로 120-1 (화양동)
건국의료기,"서울특별시 광진구 능동로9길 23 (자양동, 1층)"
건양의료기,"대전광역시 서구 관저동로 170, 1층 125호 (관저동, 건양 타워)"
건우의지보조기,서울특별시 영등포구 대림로40다길 10 (대림동)
경기광주휠링협동조합,"경기도 광주시 포돌이로 63, 1층 (탄벌동)"
경기이천의료기,경기도 이천시 이섭대천로 1190 (중리동)
경남미래엠텍,"경상남도 거제시 연사3길 7, 101호 (연초면)"
경남보조기,경상남도 창원시마산합포구 3·15대로 302-1 (서성동)
경남의료기,부산광역시 동구 고관로 69 (수정동)
경남의료기상사,경상남도 창원시마산회원구 구암남2길 6 (구암동)
경남의료기상사,경상남도 통영시 중앙로 102-1 (서호동)
경동복지상사,"서울특별시 동대문구 왕산로32길 74, 5호 (용두동)"
경동의료기상사 용두점,"서울특별시 동대문구 왕산로 138-1, 1층 (용두동)"
경보의료기 익산,"전라북도 익산시 인북로 213 (남중동, 신동한의원)"
경복복지의료기,대전광역시 중구 대둔산로414번길 49 (산성동)
경북 굴렁쇠 사랑,"경상북도 안동시 은행나무로 106-3, 107호 (옥동, 옥동주공임대아파트)"
경북 청우메디칼,"경상북도 구미시 구미대로26길 19-11 , 201호 (신평동)"
경북메디칼,경상북도 영천시 상록2길 6 (야사동)
경북복지용구사업소,경상북도 문경시 점촌1길 14-1 (점촌동)
경북의료기,경상북도 구미시 신시로10길 7-1 (송정동)
경북의료기,경상북도 예천군 시장로 132 (예천읍)
경북의료기,경상북도 상주시 상산로 331 (무양동)
경북의료기상사,경상북도 포항시 북구 중앙로 429 (우현동)
경산휠체어,경상북도 경산시 중방로 21 (중방동)
경상메디칼,"경상남도 진주시 호탄길27번길 5, 1층 1호 (호탄동, 우영빌)"
경성의료기,서울특별시 종로구 종로 126-1 (종로3가)
경인의료기,"경기도 용인시 처인구 신송로87번길 3-1, 1층 (마평동)"
경일의료과학상사,서울특별시 종로구 종로 138-0 (종로3가)
경일의료기,"서울특별시 종로구 종로 140, 101호 (종로3가)"
경주의료기,경상북도 경주시 봉황로 49 (노서동)
경희의료기,"서울특별시 동대문구 경희대로1가길 39, 1층 (회기동)"
경희의료기,강원도 삼척시 오십천로 411 (읍중동)
경희의료기,"대전광역시 서구 문정로 6, 층동 (탄방동, 국민연금관리공단１)"
경희종로의료기상사,"서울특별시 강동구 동남로 891, 101호 (명일동, 현대델리안오피스텔)"
계룡메디텍,"경상남도 거제시 고현로 51, 2동 (고현동)"
계룡의료기,대전광역시 중구 계백로 1583 (유천동)
계명메디케어,"대구광역시 달서구 두류공원로28길 12, 1층 (성당동)"
계양의료기,"인천광역시 계양구 오조산로7번길 4 (작전동, 성우프라자)"
고대의료기,"서울특별시 구로구 구로동로 153, 1층 (구로동)"
고대한양의료기,"경기도 안산시 단원구 적금로123(고잔동, 본관동 지하1층)"
고려보조기,강원도 강릉시 경강로 2019 (명주동)
고려의료기,"서울특별시 노원구 동일로 1350, 102호 (상계동, 삼양빌딩)"
고려의료기,"부산광역시 사상구 주례로10번길 57 고려의료기, 1층 (주례동, 장수이용원)"
고려의료기,강원도 춘천시 백령로 157-1 (효자동)
고려의료기,경상남도 산청군 산청읍 중앙로 42
고려종합의료기상사,울산광역시 남구 월평로171번길 9 (신정동)
고성의료기,경상남도 고성군 중앙로 39 (고성읍)
고양의료기,"경기도 고양시 덕양구 마상로154번길 17, 1층 101,102호 (성사동, 화인빌딩)"
고프리,"서울특별시 양천구 남부순환로 597, 1층 (신월동)"
고흥 건강의료기,"전라남도 고흥군 고흥로 1655, 1층 104호 (고흥읍)"
고흥연세의료기,"전라남도 고흥군 여산당촌길 28 (고흥읍, 금융업소)"
곡성의료기,전라남도 곡성군 읍내18길 4-1 (곡성읍)
곰두리의료기,부산광역시 동래구 충렬대로395번길 55 (안락동)
공룡모터스,경상남도 고성군 동외로 219 (고성읍)
관악대성휠체어의료기,서울특별시 관악구 관악로 224 (봉천동)
관양의료기,"경기도 안양시 동안구 관악대로 401, 104호 (관양동)"
광명스타일 재가방문,충청북도 충주시 쇠죽골길 10-1 (노은면)
광명의료기,"경기도 광명시 디지털로 29, 108호 (철산동, 정인코아빌딩)"
광명중앙의료기,"경기도 광명시 덕안로104번길 17, 108호 (일직동)"
광복의료기상사,부산광역시 중구 광복로37번길 1 (창선동2가)
광선메디칼,서울특별시 중랑구 면목로65길 14 (면목동)
광양의료기,"전라남도 광양시 백운로 1103, 1층 (중동)"
광양전동차,전라남도 광양시 매천로 881 (광양읍)
광주광역시지체장애인협회,"광주광역시 서구 하남대로680번길 1, 4층 (동천동)"
광주기획,광주광역시 북구 군왕로 150-1 (두암동)
광주메디텍,"광주광역시 북구 군왕로207번길 20 상가 109호 (각화동, 각화 영구임대아파트)"
광주엠코리아,"광주광역시 광산구 산정로18번길 20, 1층 (산정동)"
광주의료기,"광주광역시 동구 백서로 165, 1층 (서석동)"
괴산의료기,충청북도 괴산군 괴산읍 괴강로 24
교원의료기,충청남도 예산군 예산로 143 (예산읍)
구례의료기,"전라남도 구례군 봉성로 80 (구례읍, 동아서점)"
구리의료기,"경기도 구리시 경춘로 143 (교문동, 대흥천막)"
구일의료기,"경기도 성남시 분당구 서현로180번길 19, 1층 106-6호 (서현동, 비전월드)"
구포부민매점,부산광역시 북구 사상로 607 (구포동)
구포의료기,부산광역시 북구 낙동대로 1790 (구포동)
국립의료기,경기도 고양시 일산동구 강송로74번길 8-17 (백석동)
국민건강지원센터,"서울특별시 양천구 등촌로 82, 202호 (목동)"
국민의료기,"대구광역시 북구 침산로40길 3, 1층 (침산동)"
국민의지,"서울특별시 성동구 왕십리로 58, 11층 1108호 (성수동1가, FORHU)"
국민의지,"서울특별시 성동구 왕십리로11길 7, 지하층 (성수동1가)"
국보의료기,"경기도 광주시 경수길 49, 101동 B01호 (초월읍, 베스트타운)"
국제복지용구센터,"경기도 이천시 남천로 16, 1층 (중리동)"
국제상사,강원도 홍천군 번영로 62 (홍천읍)
국제오토바이,"대전광역시 동구 대전로900번길 2 (삼성동, 국제오토바이)"
국제의료기,충청북도 청주시 서원구 사직대로 250-0 (사직동)
국제의료기,인천광역시 서구 심곡로 112 (심곡동)
국제의료기,경기도 수원시 권선구 권선로 652 (권선동)
국제의료기,"경기도 성남시 분당구 돌마로 80, 76-78호 (구미동, 현대벤처빌오피스텔)"
국제의료기,경기도 부천시 부흥로 471-3 (소사동)
국제의료기,"경상남도 창원시 의창구 원이대로 283, 1층 114호 (봉곡동, 청마상가)"
국제의료기,서울특별시 종로구 창경궁로 158 (원남동)
국제재가복지센터,"충청북도 제천시 의병대로 146, 1층 (남천동)"
국희헬스케어,"서울특별시 동대문구 서울시립대로 66, 2층 (전농동)"
군산의료보조공학센터,전라북도 군산시 월명로 293 (수송동)
군위의료기(군위유통),경상북도 군위군 도군로 2712 (군위읍)
군위종합의료기,경상북도 군위군 중앙길 136-1 1층 (군위읍)
군자메디칼,"서울특별시 광진구 긴고랑로26길 7-2, 101호 (중곡동)"
굿모닝 의료기,"경기도 평택시 중앙로 335, 상가동 105호 (비전동, 벽산아파트)"
굿모닝메디칼,"인천광역시 서구 청마로19번길 21, 5층 503호 (당하동, 성주빌딩)"
굿모닝보청기,서울시 동작구 사당제1동(사당동) 1007-1 2층
"굿모닝보청기, 굿모닝의료기","경상남도 합천군 동서로 87, 102호 (합천읍)"
굿모닝의료기,강원도 강릉시 주문로 97 (주문진읍)
굿모닝의료기,"대구광역시 남구 성당로 224 (대명동, 굿모닝병원)"
굿모닝의료기,울산광역시 남구 삼산로 232 (달동)
"굿모닝의료기, 굿모닝보청기춘천센터","강원도 춘천시 백령로 155 1층 (효자동, 종근당약국)"
굿모닝의료기.굿모닝보청기춘천센터,"강원도 춘천시 백령로 155, 1층 (효자동)"
굿좋은의료기,"울산광역시 남구 문수로 482, 1동 114호 (신정동, 대공원 코아루 파크베르)"
굿케어메디칼(GCM),"충청북도 청주시 서원구 구룡산로371번길 35, 101동 (수곡동)"
굿헬스의료기,"울산광역시 중구 반구정14길 40, 1층 (반구동)"
그린메디칼,"서울특별시 은평구 갈현로 81, 501호 (역촌동, 그린빌딩)"
그린의료기,전라남도 장흥군 동교1길 9-3 (장흥읍)
그린의료기,전라북도 장수군 장무로 204 (장계면)
그린의료기복지용구,전라남도 함평군 영수길 200 (함평읍)
그린의료기복지용구,"경기도 고양시 일산동구 강석로 123, A동 502호 (마두동, 뉴삼창마트)"
그린전동의료기,"전라북도 남원시 용성로 79-2 (동충동, 금성전기)"
그린팜의료기,부산광역시 부산진구 새싹로 198 (초읍동)
근로복지공단 재활공학연구소,"인천광역시 부평구 경인로10번길 26 (구산동, 재활공학연구소)"
근로복지공단 재활공학연구소 대전서비스센터,대전시 대덕구 법1동(법동) 285-3번지 대전산재병원
근로복지공단 재활공학연구소 동해산재병원,강원도 동해시 천곡동(평릉동) 190번지 동해산재병원
근로복지공단 재활공학연구소 순천서비스센터,전남 순천시 왕조1동(조례동) 544번지 순천산재병원
근로복지공단 재활공학연구소 창원서비스센터,경남 창원시 성산구 중앙동(중앙동) 104-1 창원산재병원
금가오토바이,충청북도 충주시 용정4길 19 (용산동)
금강메디컬,서울특별시 구로구 오류로 39 (오류동)
금강오픈케어,"서울특별시 노원구 덕릉로 863, 1층 103호 (상계동, 동아태권도)"
금강의료기,광주광역시 광산구 장신로20번길 13-10 (장덕동)
금강의료기,경상남도 합천군 동서로 42-3 (합천읍)
금빛행복나라,"경기도 부천시 오정구 중동로 426, 1층 (삼정동, 창안빌딩)"
금아의료기,"경상남도 진주시 도동로239번길 18, 101호 (하대동)"
금아의료기,경상남도 양산시 민등대길 34 (상북면)
금아의수족보조기,"대구광역시 동구 송라로 40, 1층 (신천동)"
금오메디칼,부산광역시 동구 중앙대로371번길 72 (수정동)
금왕의료기,충청북도 음성군 금석로 95 (금왕읍)
금정의료기(복지용구전문점),"부산광역시 금정구 오륜대로 14-1, 1층 (부곡동)"
기독의료기,"강원도 원주시 원일로115번길 16 (일산동, 원주청년관)"
기쁨복지용구,"경기도 고양시 덕양구 통일로 345, 202호 (신원동, 유창 프라자)"
기장종합의료기,"부산광역시 기장군 대청로72번길 5 (기장읍, 정한약국)"
길 의료기,"부산광역시 사상구 사상로 517, 상가동 (모라동)"
"길의료기,매점","대구광역시 남구 성당로 168, 1층 (대명동, 문성병원)"
김천복지용구센터,경상북도 김천시 모암길 21 (모암동)
김천의료기보청기,경상북도 김천시 자산로 126 (성내동)
김해메디케어,"경상남도 김해시 김해대로2385번길 26, 101호 (부원동, 청구타운)"
꿈에그린재가노인복지센터,"서울특별시 강서구 양천로26길 18, 2층 (방화동, 정곡빌딩)"
나노 메디케어,"대전광역시 동구 태전로 52, 6층 604호 (삼성동, 재단법인 인터알리아공익재단)"
나누리요,"부산광역시 영도구 함지로 17 제비상가동, 106호 (동삼동, 반도보라비치타운)"
나누리협동조합,충청남도 아산시 방축로 32 (방축동)
나눔메디칼,경상남도 진주시 진양호로 446 (인사동)
나눔복지용구,경상북도 김천시 양금로 227 2층 (황금동)
나눔의료기,강원도 강릉시 남문길 13 (남문동)
나눔의료기,"부산광역시 해운대구 아랫반송로5번길 216, 1층 (반송동, 디자인하우스)"
나눔의료기 요양센터,서울특별시 중랑구 면목로96길 36 (상봉동)
나눔의료기복지용구센터,경기도 평택시 통복시장2로 65 (비전동)
나눔케어의료기,경기도 남양주시 진건읍 사릉로 408 (2층)
나눔헬스케어,"제주특별자치도 제주시 아란4길 92, 1층 (아라일동, The house)"
나드리메디칼케어,전라북도 군산시 중앙로 73 (중앙로3가)
나라의료기,전라남도 목포시 신촌로 4-1 (용당동)
나라의료기,"전라남도 순천시 양율길 176 (대룡동, 식당)"
나래의료기(양천점),"서울특별시 양천구 곰달래로1길 25, 1층 (신월동)"
나우의료기,"경기도 고양시 일산동구 강송로73번길 7-19, 1층 (백석동)"
나은메디헬스,강원도 태백시 외솔배기길 143 (화전동)
나음종로의료기,경기도 안양시 동안구 관평로336번길 74 (관양동)
나이스의료기,경상남도 창녕군 동포로 30 (남지읍)
나이스의료기,경기도 고양시 일산동구 백석로108번길 68-11 (백석동)
나이팅게일 복지용구의료기,충청북도 청주시 서원구 사직대로 308-2 (사직동)
나주의료기,"전라남도 나주시 동점문길 17-7 (성북동, 효성모터스)"
남경의료기,"경상남도 양산시 황산로 649 (물금읍, 범어유리,우주오토카)"
남광의료과학상사,광주광역시 동구 문화전당로 9-4 (남동)
남도의료기,"대구광역시 중구 경상감영길 21 (서문로1가, 동성과학)"
남도의료기상사,"광주광역시 광산구 사암로106번길 137-5, 2층 (우산동)"
남북메디칼,부산광역시 수영구 수영로540번길 7 (광안동)
남북의과상사,대구광역시 남구 중앙대로29길 26 (대명동)
남북의료기보청기,경기도 광명시 광명로 913 (광명동)
남북의료기상사,대구광역시 중구 국채보상로123길 3 (문화동)
남북하이테크메디칼,경상남도 창원시마산합포구 합포로 140 (산호동)
남사헬스케어,경상남도 사천시 사남면 하동길 52 (사남면)
남산웰빙,"대구광역시 중구 남산로13길 9 지하1층 (남산동, 남산병원)"
남양의료기,경상남도 창원시마산합포구 문화동4길 13-9 (월남동2가)
남양의료기,"경기도 화성시 남양로920번길 6, 1층 104호 (남양읍)"
남양의료기,"강원도 동해시 발한로 79 (부곡동, 101호)"
남원의료기,전라북도 남원시 의총로 81-10 (왕정동)
남해독일보청기 재솔복지용구의료기,"경상남도 남해군 화전로 84-1 (남해읍, 월드컵체육사)"
내포그린,충청남도 예산군 시목1길 111 (광시면)
네발보조공학센터,"부산광역시 북구 효열로 270, 상가동 105호 (금곡동, 금곡1단지주공아파트)"
넥스트(NEXT),"부산광역시 동구 대영로 261, 1층 (초량동, 은성빌딩)"
노노메디칼,"인천광역시 부평구 장제로 24, 1층 (부평동)"
노란케어119,"인천광역시 계양구 어사대로9번길 5 상가1층, 102동 102호 (계산동, 한미삼오아파트)"
노바의료기,"서울특별시 영등포구 버드나루로 50, 101호 (영등포동2가, 리버타워오피스텔)"
노바의료기,"서울특별시 동작구 흑석로 102, 지하1층 11호 (흑석동, 중앙대학교병원)"
노원십자의료기상사,"서울특별시 노원구 공릉로59길 28, 지층 8호 (하계동, 미성아파트)"
노인수발용품전문점푸른의료기,"전라북도 익산시 무왕로 927 (신동, 한국전기온돌판넬산업)"
노인요양의료기,전라남도 보성군 채동선로 219-2 (벌교읍)
노인장기요양기관지원센터,"대전광역시 동구 은어송로51번길 6-11, 3층 209호 (가오동)"
녹십자의료기,"인천광역시 부평구 동수로 57-1 (부평동, 남부빌딩)"
논산의료기,충청남도 논산시 시민로 323 (취암동)
누가의료기,전라북도 전주시 덕진구 조경단로 33 (금암동)
누가의료기,울산광역시 동구 방어진순환도로 743 (전하동)
누리보조기,전라북도 전주시 완산구 안행로 103 (효자동1가)
누리케어,"서울특별시 중랑구 용마산로116길 6, 311호 (망우동, 아름빌딩)"
뉴데이 메디칼,"충청남도 아산시 모산로 38-11, 115동 202호 (배방읍, 아산배방1단지 우방아이유쉘)"
뉴웨이인터내셔날,"경기도 의정부시 용민로 70, 2층 201호 (용현동, 비콘드림시티오피스텔)"
늘푸른건강 의료기,"서울특별시 광진구 구의로1길 30, 102호 (구의동)"
늘푸른실버케어센타,"서울특별시 강동구 진황도로 158, 101호 (둔촌동)"
늘품의료기,"인천광역시 남동구 남동대로 723, 201호 (구월동, 우주빌딩)"
다나의료기,"광주광역시 광산구 첨단중앙로68번길 134, 상가1동 103호 (산월동, 첨단3-3차 호반리젠시빌)"
다나의료기,"경기도 고양시 일산동구 일산로 326, 102호 (마두동, 대신상가)"
다다산업,전라남도 장성군 녹진길 23 (남면)
다모아의료기,대구광역시 북구 연암로 98 (산격동)
다사랑보장구 수리센터,"경기도 이천시 장터로 62, 1층 4호 (장호원읍)"
다사랑의료기협동조합,"경기도 이천시 갈산로133번길 18-6, D동 1층 (갈산동)"
다산의료기,경상북도 고령군 상곡길 40 1층 (다산면)
다솜메디칼,"경기도 고양시 일산서구 일산로636번길 37-22 (대화동, 지하1층일부)"
다솜메디칼,인천광역시 미추홀구 동산로 9 (숭의동)
다솜의료기,경기도 김포시 김포대로 2034 (통진읍)
다솜힐링복지용구,경기도 평택시 팽성읍 안정순환로 240 (팽성읍)
다영의료기,"충청북도 청주시 청원구 새터로 85-1, 1층 (내덕동)"
다온,강원도 원주시 이화1길 41-4 (단계동)
다온노인복지재가센터 태평점,경기도 성남시 수정구 수정로171번길 21-3 1층 (태평동)
다온메디칼,서울특별시 광진구 능동로36길 83 (능동)
다온의료기,전라남도 진도군 남산로 129 (진도읍)
다온의료기,서울특별시 중랑구 봉우재로 53 (면목동)
다올메디칼,"서울특별시 구로구 가마산로 213, 1층 (구로동)"
다올메디칼,경상북도 경산시 박물관로1길 10 (사동)
다우리실버케어,"경기도 의정부시 송산로1181번길 107-11, 1층 (용현동)"
다우의료기,부산광역시 서구 감천로 253 (암남동)
다움복지용구,경기도 부천시 소사로 181 (소사본동)
다원 의료기,"광주광역시 북구 밤실로167번길 7, 1층 (풍향동)"
다원의료기산업,"전라북도 전주시 완산구 중산3길 3-6, 101호 (중화산동2가)"
다인,"인천광역시 미추홀구 경인로354번길 79, 1층 101호 (주안동, 광도흑판)"
다인AD,경기도 양주시 고읍남로191번길 85-55 (광사동)
다향의료기,전라남도 보성군 봉화로 126 (보성읍)
닥터웰 의료기,"경기도 부천시 역곡로 37, 1층 (역곡동)"
닥터웰 의료기 백화점,"경기도 부천시 경인옛로 136, B01호 (괴안동, 드라포레아파트)"
단골의료기,경상남도 밀양시 북성로 10 (내이동)
단양의료기,"충청북도 단양군 삼봉로 323 (단양읍, 델파시(주))"
당진건강의료기,"충청남도 당진시 당진중앙1로 185 (읍내동, 알톤자전거 중앙대리점)"
대건재가복지센터,"서울특별시 마포구 동교로9길 33 (망원동, 2층)"
대경메디칼,경상북도 경산시 하양읍 대학로 1543 (A동2층23호)
대경의료기,경상북도 칠곡군 석전로 6-1 (왜관읍)
대경의료기,경상남도 양산시 덕계로 27 (덕계동)
대경의료기,대구광역시 달서구 월배로 409 (송현동)
대구보조기,대구광역시 중구 동덕로 108 (삼덕동2가)
대구복지용구의료기,"대구광역시 남구 이천로12길 33, 1층 (봉덕동)"
대구제일보조기.의수족,대구광역시 서구 국채보상로 415 (비산동)
대길케어,"경기도 수원시 장안구 월드컵로 423, 1층 (연무동)"
대도의료기,"경상남도 진주시 큰들로66번길 14, 1층 102호 (상평동, 동국강변타워1차)"
대동과학의료기상사,경상북도 김천시 용암로 1 (모암동)
대동보조기,부산광역시 동구 고관로 83 (수정동)
대동의료기,"부산광역시 동래구 충렬대로 180-4, 2층 (명륜동)"
대동종합보조기,부산광역시 부산진구 새싹로210번길 12 (초읍동)
대림보조기,"서울특별시 용산구 한강대로 351-2 (동자동, 대림보조기,에스다)"
대림부여대리점,충청남도 부여군 성왕로 269-1 (부여읍)
대림영동오토바이,"충청북도 영동군 난계로 1156 (영동읍, 상가)"
대림오토바이,경상남도 진주시 진산로 8 (옥봉동)
대림오토바이 해남대리점,"전라남도 해남군 용머리길 21-6 (해남읍, 대흥오토바이)"
대림오토바이예산대리점,충청남도 예산군 예산로 93 (예산읍)
대림오토바이진천특약점,"충청북도 진천군 초금로 739, 1층 (덕산읍, 대림모터사이클)"
대림원주대리점,강원도 원주시 평원로 107 (학성동)
대림의료기,경상남도 창녕군 명덕로 45 (창녕읍)
대림의료기(수리),경상남도 창녕군 명덕로 45 (창녕읍)
대림충주대리점,충청북도 충주시 국원대로 134 (연수동)
대명의료기상사,강원도 속초시 중앙로 11 (교동)
대명전자,강원도 춘천시 성심로 5 (교동)
대새메디칼,충청남도 아산시 번영로115번길 24-1 (권곡동)
대성보조기쎈타,충청북도 충주시 계명대로 159-1 (연수동)
대성엠케어,"경기도 하남시 서하남로47번길 115, 1층 (감북동)"
대성엠케어,"대전광역시 중구 선화로12번길 32, 1층 (용두동)"
대성오토바이,충청남도 서산시 고북1로 281-1 (고북면)
대성오토바이상사,경상북도 청도군 중앙로 25 (청도읍)
대성의료기,"전라북도 정읍시 수성1로 65 (수성동, 101호)"
대성의료기,"경상북도 영주시 영주로215번길 7-5, 1층 (영주동)"
대성의료기,전라북도 전주시 완산구 서원로 358 (중화산동1가)
대성의료기,"서울특별시 동작구 사당로8길 22, 1층 (사당동)"
대성의료기산업,광주광역시 남구 천변좌로604번길 4 (방림동)
대성의료기상사,경상남도 김해시 가락로24번길 14-1 (부원동)
대성종합상사,전라남도 영광군 신남로 266 (영광읍)
대세,대구시 달서구 월성1동(대천동) 635 (성서공단 514-128호)
대세메디케어,"경상남도 진주시 솔밭로139번길 8 (상대동, 우성골든빌)"
대세엠케어,대구시 달서구 월성1동(대천동) 635번지
대세엠케어,"대구광역시 달성군 대실역북로5길 46-20, 1층 (다사읍)"
대세의료기,"부산광역시 해운대구 해운대로 604, 1층 (우동, 명성빌딩)"
대신의료기,경상북도 상주시 덕담1길 82-9 (사벌국면)
대양의료기,강원도 강릉시 남문길 15 (남문동)
대양의료기,"서울특별시 강동구 진황도로61길 25, 101호 103호 (둔촌동)"
대양의수족,서울특별시 강동구 진황도로 170 (둔촌동)
대영스포츠의료기,충청북도 진천군 상산로 32 (진천읍)
대왕의료기,경상남도 창녕군 낙동로 532 (남지읍)
대우의료기상사,광주광역시 동구 백서로 136-4 (학동)
대원의료기,"경기도 부천시 안곡로 38, 2층 (괴안동)"
대윤의료기기,"전라남도 무안군 불무로 38-7 (무안읍, 삼천리자전거)"
대일의료기,부산광역시 연제구 과정로 333 (연산동)
대전노인요양복지용구센터,"대전광역시 중구 동서대로 1223, 1층 (태평동)"
대전우리휠체어,"대전광역시 동구 계족로368번길 60 (성남동, 금암종합건설)"
대전의료기센터,"대전광역시 서구 제비네1길 117, 1층 (도마동)"
대전자동차배터리의료기,"대전광역시 중구 신기로 1, 1층 (석교동)"
대전지점,대전광역시 유성구 복용남로 55 (복용동)
대진오토바이,경상북도 경주시 안강중앙로 242 (안강읍)
대진의료기,광주광역시 남구 백양로 33 (백운동)
대진의료기,"경기도 의정부시 태평로 60, 1층 (의정부동)"
대창의료기,"전라남도 해남군 중앙2로 124, 1층 (해남읍, 대창약국 대창의료기 해남우리이비인후과)"
대천의료기,"충청남도 보령시 원동1길 56-4 (대천동, 명동이용원)"
대하메디,경기도 성남시 중원구 둔촌대로309번길 8 (하대원동)
대학병원의료기,"경상남도 양산시 화합1길 2-1, 1층 (물금읍)"
대학의료기,"경기도 수원시 영통구 월드컵로 151 (원천동, 1층2호)"
대학의료기,대구광역시 남구 두류공원로17길 16 (대명동)
대학의료기,"경상남도 양산시 화합1길 7-1, 1층 (물금읍)"
대학의료기(광명),"경기도 광명시 디지털로 36 (철산동, 광명성애병원별관B동4층)"
대한메디칼,"서울특별시 성북구 돌곶이로14길 75-1, 1층 (석관동)"
대한복지용구센터,"부산광역시 북구 만덕3로48번나길 30, 1층 (만덕동)"
대한복지용구의료기,"인천광역시 남동구 경인로 740 (간석동, 삼성방염필름)"
대한의료기,"대전광역시 서구 도산로 393, 1층 (탄방동)"
대한의료기,전라북도 전주시 완산구 용머리로 178 (효자동1가)
대한의료기,충청남도 보령시 해태로 3 (대천동)
대한의료기,광주광역시 광산구 우산로 74-5 (우산동)
대한의료기,"인천광역시 미추홀구 미추홀대로632번길 20, 1층 (주안동)"
대한의료기,경기도 부천시 부일로 433 (심곡동)
대한의료기,"경상남도 창원시 진해구 충장로 357, A동 114호 (경화동)"
대한의료기,충청북도 제천시 의병대로13길 14 (명동)
대한의료기상사,충청남도 홍성군 조양로 177 (홍성읍)
대한의수족연구소,서울특별시 종로구 창경궁로 141-0 (원남동) 1층
대흥종합오토바이,"전라남도 나주시 동창로 128 (세지면, 대흥오토바이)"
더나은,"경기도 화성시 효행로1039번길 20, 201호 (진안동)"
더드림의료기,"인천광역시 미추홀구 경인로251번길 39, 1층 (도화동)"
더드림케어,"서울특별시 도봉구 덕릉로60길 68-3, 1층 (창동)"
더미통상,"서울특별시 종로구 청계천로 159, 가동 가열층 42호 (장사동, 세운상가)"
더센메디케어 의료기,경상북도 구미시 인동20길 43-3 (진평동)
더온케어,"경기도 광주시 산이길 10, 1층 103호 (초월읍)"
더울림케어,"충청남도 홍성군 도청대로 132, 401호 (홍성읍)"
더존메딕스,"경상남도 밀양시 하송정1길 11, 1층 (내이동)"
더케어,"서울특별시 강북구 삼양로35길 19, 지층 (미아동)"
더타임 의료기기,"울산광역시 남구 수암로 138, 1층 117호 (야음동)"
더해드림,"부산광역시 기장군 차성로 236, 1층 (기장읍)"
덴마크보청기,경상북도 고령군 다산중앙길 16 (다산면)
덴마크보청기(연세의료기),강원도 원주시 남원로 72 (흥업면)
독일베스트보청기,"충청남도 당진시 당진중앙3로 72, 107호 (읍내동)"
독일보청기멀티샵,"충청남도 공주시 왕릉로 142, 2층 (금성동, 연문빌딩)"
독일의료기,"경상남도 창원시 마산회원구 3·15대로 773 (합성동, 정청신경외과)"
독일의료기,강원도 양양군 양양로 72 (양양읍)
독일의료기.보청기,경상남도 김해시 분성로 108 (외동)
돌보인방문요양센터 화성점,"경기도 화성시 병점동로134번길 11, 401호 (진안동, 현재빌딩)"
동국의료기,"부산광역시 사상구 새벽로 182 (감전동, 가야정)"
동국의료기,"경기도 고양시 일산동구 동국로 27, 지하동 1층 (식사동)"
동국의료기,경상북도 경주시 동대로 87 (석장동)
동군산의료기,전라북도 군산시 경촌2길 36-1 (조촌동)
동남메디칼,서울특별시 종로구 종로 146-1 (종로3가)
동남보조기상사,경상남도 김해시 김해대로 2437 (부원동)
동남의지,대전광역시 중구 계룡로733번길 82 (목동)
동두천의료기,경기도 동두천시 중앙로 306 (생연동)
동래의료기,"부산광역시 동래구 안연로109번길 24, 1층 2호 (안락동)"
동명보조기,부산광역시 동구 고관로 59 (수정동)
동명보조기,경상남도 창원시마산합포구 3·15대로 320 (서성동)
동문의료기,"서울특별시 성동구 마조로 22-2 (행당동, 한대동문회관)"
동민메디칼,경상남도 창원시마산회원구 내서읍 중리2길 15
동방의료기,"서울특별시 구로구 가마산로 205, 1층 (구로동)"
동방의료기,경상북도 김천시 모암길 15 (모암동)
"동방의료기,와이덱스보청기",강원도 속초시 중앙로 35 (교동)
동백의료기,"경기도 용인시 기흥구 동백죽전대로 331, B112호 (중동)"
동보의료기,"충청북도 제천시 청전대로15길 14, 1층 (청전동)"
동부의료기,전라남도 순천시 강남로 124 (동외동)
동부케어,충청남도 보령시 청수로길 85 (대천동)
동부케어군포종합복지센터,"경기도 군포시 금산로22번길 6, 가동 301호 (금정동, 태을빌딩)"
동산 헬스케어,"전라북도 익산시 목천로 358 상가동 1층, 106호 (동산동, 세경3차아파트)"
동산보청기 의료기,경상북도 포항시 북구 대신로 40 (대신동)
동산의료기,경기도 평택시 중앙로 8 (통복동)
동산의료기,"광주광역시 서구 화운로100번길 25-1, 1층 (화정동)"
동산의료기(센터라인),"전라북도 전주시 덕진구 쪽구름로 10, 1호 (여의동2가)"
동서울종합복지센터,"서울특별시 강동구 천호대로193길 18, 1층 (길동)"
동서의료기,"부산광역시 사하구 낙동대로 184, 1층 (괴정동)"
동성보조기의료기,경상북도 포항시 북구 용당로 88 (대흥동)
동성의료기,경기도 안성시 중앙로400번길 18 (서인동)
동성의료기,대구시 남구 대명5동(대명동) 50-14 2호점
동성의료기,부산광역시 북구 낙동대로1780번길 42 (구포동)
동신의료기,인천광역시 부평구 동수로 49-2 (부평동)
동심의료기,전라남도 화순군 만연로 24 (화순읍)
동아메디칼,"경기도 의정부시 호국로 1574-4, 1층 (금오동)"
동아의료기,전라북도 순창군 순창9길 12-13 (순창읍)
동아의료기,경상남도 진주시 남강로 709 (장대동)
동아의료기,경상남도 창원시마산합포구 3·15대로 167-1 (중앙동2가)
동아의료기,경상남도 김해시 진영읍 여래로 29
동아의료기,"서울특별시 중랑구 동일로 786, 103호 (중화동, 두암빌딩)"
동아의료기,전라북도 전주시 완산구 송정2길 17 (삼천동1가)
동아의료보조기.보청기,경상북도 안동시 서동문로 68-1 (당북동)
동양의료기,부산광역시 중구 광복로37번길 7-1 (창선동2가)
동양의료기,경상남도 밀양시 삼문중앙로 51-14 (삼문동)
동양의료기,경상남도 함양군 고운로 71 (함양읍)
동양의료기(주),경상남도 진주시 남강로651번길 14 (본성동)
동양의료기상사,경상북도 영덕군 영덕읍 덕곡길 109
동양의료기상사,경상남도 거창군 중앙로 171 (거창읍)
"동양의료보조기,보청기",경상북도 문경시 중앙로 68-1 (점촌동)
동양재활보조기,경상남도 창원시마산회원구 합성동3길 78 (합성동)
동원의료기,"전라남도 순천시 덕연로 61 (연향동, 동원의료기)"
동인메디텍,"부산광역시 해운대구 좌동순환로 275, 상가동 107호 (좌동, 대우2차아파트)"
동인의료기,경상남도 진주시 장대로5번길 6-1 (장대동)
동인의료기,울산광역시 동구 방어진순환도로 859 (전하동)
동인의료기,경기도 안성시 중앙로400번길 53 (창전동)
동진보조기,"대구광역시 달서구 감삼북길 75, 1층 (감삼동)"
동진의료기,부산광역시 서구 대신공원로 17 (동대신동3가)
동탄센트럴의료기,"경기도 화성시 동탄지성로 112, 1층 (반송동)"
동탄지성의료기,"경기도 화성시 큰재봉길 23-11, 1층 1,2,7호 (석우동, 동탄 삼성쉐르빌)"
동탄케어,"경기도 화성시 병점중앙로242번길 23-4, 1층 (진안동)"
동해의료기,"서울특별시 영등포구 도림로 150 (대림동, 미래산업빌딩)"
동행의료기,"전라남도 강진군 보은로 147, 2층 (강진읍)"
동호상사,전라남도 영암군 오일시장길 9-1 (영암읍)
동화메디칼,"서울특별시 노원구 화랑로 419-7 (공릉동, 에스에스빌딩)"
동화메디컬,"서울특별시 관악구 은천로 61, 1층 (봉천동, 은천누리에뜰)"
동화메디케어,"인천광역시 서구 완정로65번안길 45-22, 2층 (왕길동)"
두드림 장애인 보장구,"충청남도 보령시 보령북로 76, 3층 (대천동)"
두드림 장애인 보장구,"충청남도 보령시 보령북로 76, 3층 (대천동)"
두리메디칼,"경상북도 상주시 경상대로 2801, 1층 (신봉동)"
두리하나,"인천광역시 부평구 주부토로252번길 35, 101호 (갈산동, 드림빌라)"
두손메디칼,대구광역시 동구 팔공로 131 (불로동)
두솔의료기,"경기도 고양시 일산동구 강송로 41, 111호 (백석동, 윈스턴파크)"
둔산의료기,대전광역시 서구 대덕대로242번길 26 (둔산동)
드림메디칼,"경상남도 창원시마산합포구 월영북15길 46 (홍문동, THE FORTE피아노)"
드림의료기,전라북도 부안군 진성길 8 (부안읍)
드림의료기,전라남도 광양시 호북길 13 (광양읍)
드림의료기,"인천광역시 강화군 충렬사로 25 남산빌딩, 102호 (강화읍)"
디에스메디칼,"대구광역시 남구 중앙대로29길 22, 1층 (대명동)"
디에스케어,"서울특별시 노원구 덕릉로115다길 40, 상가 115호 (상계동, 건영아파트)"
디엔에이모터사이클,경상북도 울진군 울진읍 울진중앙로 41-5 (울진읍)
디와이,"경기도 성남시 수정구 산성대로 189, 6층 604호 (수진동, 수산타워)"
땡큐시니어건강의료기,"인천광역시 서구 완정로 198, 1층 (마전동, 노른자빌딩)"
땡큐시니어건강의료기,"경기도 고양시 일산서구 호수로856번길 65-1, 1층 (대화동)"
땡큐시니어건강의료기 강남점,"서울특별시 서초구 반포대로 217, 지하1층 (반포동, 조달청빌딩)"
땡큐시니어건강의료기 연수점,"인천광역시 연수구 앵고개로246번길 10, 104호 (동춘동, 대산프라자)"
라온케어,"경기도 양주시 고읍남로191번길 69-21, 1층 (광사동)"
라온케어,"대전광역시 서구 배재로 116, 2층 (도마동)"
라이프 서포트 스테이션(LSS),"서울특별시 은평구 갈현로 227, 1층 (갈현동)"
라이호의료기,"경기도 시흥시 군자천로 381, B1층 6호 (정왕동, 시화병원)"
라인메디칼,대구광역시 달서구 선원로 53-1 (신당동)
라인메디케어,"경기도 화성시 남여울3길 9-10, 101호 (능동)"
래미안보장구,경기도 고양시 일산동구 강송로87번길 8-3 (백석동)
로뎀의료기,"전라남도 무안군 무안로 521 (무안읍, 한국공인중개사)"
로얄의료기,"경기도 수원시 팔달구 매산로 138, 1층 (교동)"
리치상사,전라남도 여수시 여서동6길 22 (여서동)
리햅케어경남판매점,경상남도 창원시 마산합포구 신서촌로 41 (진동면)
마린메딕스,"경상남도 창원시 진해구 충장로285번길 27-1, 104호 (경화동, 봉산하이츠빌라)"
마산의료기,"경상남도 창원시마산합포구 합포로 25, 2층 (남성동, 독일보청기)"
마석의료기,"경기도 남양주시 마석중앙로28번길 15, 103호 (화도읍, 성심빌딩)"
만경의료기,"경기도 고양시 일산서구 호수로856번길 73-6 (대화동, １층)"
만능 유한회사,"전라남도 무안군 남악3로 80, 204호 (삼향읍, 제일프라자)"
만물의료기기,전라북도 순창군 옥천로 69 (순창읍)
만세의료기,전라남도 목포시 용당로 162 (용당동)
메가휠스포츠,"제주특별자치도 제주시 진남로6길 38, 1층 (화북일동)"
메디바이스 의료기,"대구광역시 수성구 범안로 60, 3층 (범물동)"
메디신월드약국,경기도 수원시 팔달구 정조로715번길 18 (매교동)
메디아이,"부산광역시 사상구 모덕로67번길 136, 103호 (모라동, 명신상가APT)"
메디앤샵,"경기도 부천시 소사로 822, 1층 1호 (원종동)"
메디존의료기,"강원도 춘천시 중앙로 138, 1층 (소양로4가)"
메디준,"대구광역시 북구 학정로 9-6, 2층 (태전동)"
메디칼보조기상사,경상남도 진주시 진주대로953번길 9 (강남동)
메디칼의료기,"경기도 수원시 권선구 호매실로90번길 98, 109호 (호매실동)"
메디컬 프로,경기도 남양주시 홍유릉로 275-27 (금곡동)
메디컬모터스,서울특별시 광진구 광나루로17길 14-0 (군자동)
메디컬프랜즈,"충청북도 청주시 서원구 서부로 710-19 (남이면, 사무소)"
메디타운,경기도 광주시 산이길 10 (초월읍)
메디타운,전라북도 전주시 덕진구 동부대로 646 (우아동3가)
메디파크,경기도 광주시 산이길 10 (초월읍)
메디파크1,"경기도 성남시 중원구 박석로93번길 29-18, 1층 (상대원동)"
메모리실버,"서울특별시 송파구 가락로 42, 102호 (석촌동)"
멘토(영남지사),대구광역시 동구 반야월로 94 (율하동)
명문의료기,경상북도 경산시 경안로 200 (중방동)
명성의료기,"경상북도 구미시 금오산로 39-1, 1층 (원평동)"
명성의료기,경기도 남양주시 마석로 4 (화도읍)
명성의료기,경기도 평택시 평택로39번길 15 (평택동)
명성의료기상사,광주광역시 동구 제봉로 25-2 (학동)
명신,"서울특별시 중구 다산로 32 , 436호 (신당동, 남산타운)"
명진의료기상사,"부산광역시 사상구 양지로 3, 2동 113호 (주례동, 대성상가)"
명품의료기,경상북도 상주시 동수1길 7 (무양동)
명품의료기,경상북도 구미시 남문로 23 (선산읍)
모닝메디케어,"부산광역시 사하구 다대로 403, 1층 (다대동)"
모닝의료기,"경기도 평택시 중앙로 338, 지하1층 (합정동)"
모담 플러스,"경기도 부천시 계남로 60, 2227동 801호 (상동, 진달래마을)"
모던메디,"경기도 군포시 당산로192번길 41, 101호 (금정동)"
모두클릭(MODUCLICK),"경기도 성남시 분당구 야탑로65번길 8, 2층 220호 (야탑동, 나인투빌딩)"
모든의료기(통상),대구광역시 동구 아양로57길 7 (지저동)
모세휠체어,"충청북도 청주시 상당구 호미로202번길 19, 1층 (용정동, 덴마크밀크)"
모아메디칼상사,"부산광역시 연제구 월드컵대로 359 (거제동, 부산의료원)"
모아의료기,"부산광역시 연제구 월드컵대로 343 , 105호 (거제동, 대우그린아파트상가)"
목동의료기,"서울특별시 양천구 목동동로 427, 1층 104호 (목동)"
무등실버메디,광주광역시 북구 송월로40번길 20 (오치동)
무등의료기,광주광역시 북구 필문대로 87 (풍향동)
무한상사,강원도 춘천시 춘천순환로 564 (동면)
무한상사,"강원도 홍천군 홍천읍 홍천로 699 , 1층 1호 (홍천읍)"
미건원적외선,경상남도 합천군 합천읍 서산길 41 (합천읍)
미금의료기,"경기도 성남시 분당구 돌마로 80, 1층 56,57호 (구미동, 현대벤처빌오피스텔)"
미래 현 컴퍼니,"경상북도 안동시 광명로 212-10, 4층 (옥동, 금잔디어린이집)"
미래건강유통,대전광역시 동구 대전로 799-1 (중동)
미래메디칼,충청남도 홍성군 온천3길 38 (홍성읍)
미래보조기,대구광역시 동구 효동로 125-1 (효목동)
미래보조기,"충청남도 천안시 동남구 봉정로 5 (봉명동, 선진진열장)"
미래의료기,"경상북도 포항시 남구 중섬로 89, 1층 (상도동, 상도신성펠리스)"
미래의료기,"광주광역시 북구 밤실로 192-13, 1층 (두암동)"
미래전동,경상북도 군위군 중앙길 5 미래전동 (군위읍)
미래종합상사,"대전광역시 대덕구 계족로 637 (법동, 근로복지공단 대전병원)"
미산의료기,"서울특별시 종로구 경교장길 35, 1층 3143호 (평동, 경희궁자이 3단지)"
미소 의료기,부산광역시 사하구 괴정로244번길 19 (괴정동)
미소들 의료기,"서울특별시 구로구 고척로21나길 88-41 (개봉동, 미소들병원)"
미소의료기,"서울특별시 강북구 삼각산로 58, 지하1층 B110호 (수유동, 국립재활원)"
미소의료기,경상남도 양산시 화합2길 7-1 (물금읍)
미소케어,"서울특별시 강북구 삼양로24길 47, 1층 (미아동)"
미소케어,"경기도 부천시 부천로80번길 19, 1층 (심곡동)"
미음드레,경상남도 남해군 남해대로 3406 (고현면)
미임드레,경상남도 남해군 남해대로 3406 (고현면)
민중의료기,충청북도 충주시 광명2길 6 (교현동)
믿음복지용구,"경기도 화성시 동탄기흥로257번나길 24-22, 101호 (동탄면)"
믿음의료기,"광주광역시 동구 무등로307번길 6-19, 1층 (계림동, 해성빌)"
믿음의료기,"경상북도 구미시 선산중앙로 28, 1층 (선산읍)"
믿음의료기,전라북도 전주시 덕진구 인후6길 31 (인후동1가)
바다메디칼,"충청북도 청주시 서원구 1순환로 785, 101호 (개신동)"
바로재활보장구센터,"경기도 광주시 역동로 43, 1층 (역동)"
바른 의수족 제작연구소,"대구광역시 중구 국채보상로 496, 4층 (동산동)"
바른몸 재활공방,"충청남도 천안시 서북구 쌍용15길 73, 101호 (쌍용동)"
바른의료기,부산광역시 북구 사상로 599 (구포동)
바이오스피릿주식회사,경기도 성남시 수정구 수정남로62번길 20-1 1-2층 (수진동)
바이칼메디,"경기도 고양시 덕양구 삼송로 12, B2층 208호 (원흥동)"
반도의료기,서울특별시 영등포구 시흥대로 651-1 (대림동)
반석메디텍,"서울특별시 중구 칠패로 6, 지층 (의주로2가)"
배방의료기,충청남도 아산시 북수로39번길 36 (배방읍)
백건스쿠터,대구광역시 북구 구리로36길 9 (국우동)
백두의료기,"광주광역시 남구 구성로78번길 20, 1호 (월산동)"
백산의료기,부산광역시 수영구 수영로 609-1 (광안동)
백석의료기,"경기도 고양시 일산동구 장백로 56 1층 109호 (백석동, 크리스탈빌딩)"
백세건강 메디칼,경상남도 진주시 가호로 37 (호탄동)
백세건강메디칼 호남지사,"전라북도 남원시 춘향로 670 (사매면, (유)한빛주류상사)"
백세건강의료기,"서울특별시 강동구 동남로85길 67, 1층 103호 (고덕동)"
백세동안,전라남도 장성군 역전로 96 (장성읍)
백세메디칼,"대전광역시 서구 신갈마로 121, 102호 (갈마동)"
백세의료기,전라남도 여수시 흥국로 37 (학동)
백세의료기,"울산광역시 동구 방어진순환도로 555, 1층 (방어동)"
백세의료기,충청남도 청양군 칠갑산로6길 11 (청양읍)
백세의료기,"울산광역시 중구 구루미7길 77-4, 1층 (다운동)"
백세의료기기,강원도 원주시 원일로 14-3 (인동)
백세의료기기,"전라북도 전주시 완산구 평화19길 12, 1층 102호 (평화동1가, 에스엠빌딩)"
백세의료기산업,"전라북도 익산시 서동로 130-1 (동산동, 오크통)"
백세플러스 의료기,"경기도 가평군 강변로 47, B동 2호 (청평면, 빅스포츠타운)"
백암의료기,"경기도 용인시 처인구 백암로201번길 19 (백암면, 장평청과)"
백제사,"전라북도 정읍시 충정로 257-22 (수성동, 백제의료기상가)"
백제의료기,충청남도 논산시 시민로295번길 2 (내동)
백제의료기,전라북도 전주시 덕진구 송천중앙로 56 (송천동1가)
백제의료기기,전라북도 남원시 용성로 90 (죽항동)
백제의료기보청기,충청남도 부여군 성왕로 200-1 (부여읍)
백합복지용구센터,"경기도 고양시 일산서구 탄중로275번길 66, 2층 (탄현동)"
버디휠,"경기도 김포시 양곡2로60번길 68-15, 101호 (양촌읍)"
버팀목사회적협동조합,"경기도 여주시 청심로 79 제상가동, 1층 101호 (하동, 현대아파트)"
번창 보조기기센터,경기도 광주시 통미로 66-1 (송정동)
베스트메딕스,"충청남도 천안시 서북구 백석로 17-5 (백석동, 중화요리난향)"
베스트복지용구사업소,"전라남도 목포시 비파로 104, 1층 (상동)"
보건연세의료기,서울특별시 서대문구 북아현로14길 30 (북아현동)
보건의료기,경기도 안성시 중앙로400번길 5 (동본동)
보건의료기,전라북도 전주시 완산구 산월1길 20 (중화산동2가)
보건의료기,"서울특별시 동대문구 왕산로 264, 1층 (전농동)"
보건의료기,광주광역시 동구 참판로20번길 1 (계림동)
보건한양의료기,"서울특별시 성동구 왕십리로 222-1, 지하1층 (사근동, 한양대학부속병원)"
보라매의료기상사,"서울특별시 관악구 보라매로5길 5 (봉천동, 보라매우성상가106,107호)"
보람의료기,"전라북도 전주시 덕진구 매봉16길 29, 1층 101호 (금암동)"
보람의료기,서울특별시 금천구 금하로 730-1 (시흥동)
보령의료기,"충청남도 보령시 원동1길 30-13 (대천동, 보령의료기)"
보석의료기,"전라남도 순천시 순광로 224 (해룡면, 편안한김약국)"
보석의료기2,"전라남도 순천시 순광로 224 (해룡면, 모아약국)"
보성의료기,"대전광역시 중구 유천로 52, 1층 (유천동)"
보성의료기,전라남도 보성군 송재로 157 (보성읍)
"보은전동스쿠터,휠체어판매점",충청북도 보은군 교사1길 42 (보은읍)
보훈의료기,"서울특별시 강동구 진황도로61길 42, 1층 (둔촌동, 둔촌동주상복합)"
보훈의료기,"대구광역시 달서구 월곡로 86 (도원동, 지하1층)"
보훈의료기,"부산광역시 사상구 양지로 10 (주례동, 황금노래연습장)"
복음의료기,경기도 부천시 부흥로177번길 26 (중동)
복음의료기(중산동),"경기도 고양시 일산동구 고양대로 762, 103호 (중산동)"
복음의료양행,경상북도 영천시 완산로 40 (완산동)
복지메디칼세신,"부산광역시 사하구 낙동대로 327, 1층 (괴정동)"
봄날의료기,"경기도 남양주시 호평로 134, 상가동 504호 (호평동, 호평아카데미)"
봉명의료기,"충청남도 천안시 동남구 천안여상로 55 (봉명동, 광명칼라)"
봉화의료용품전문점,경상북도 봉화군 봉화로 1129 (봉화읍)
봉화종합의료기,경상북도 봉화군 내성로1길 51-1 (봉화읍)
부르미,"경기도 수원시 권선구 서호로 135-10, 102호 (서둔동)"
부림복지용구,"경상북도 포항시 남구 송림로80번길 4, 1층 (송도동)"
부모섬김복지센터복지용구,"경상남도 진주시 진양호로125번길 26, 101호 (평거동)"
부민메디칼,"부산광역시 부산진구 백양대로34번길 21, 1층 (부암동)"
부산메디칼,"부산광역시 영도구 태종로 234, 3층 303호 (청학동)"
부산보조기,"부산광역시 사상구 백양대로 716, 상가동 (덕포동, 덕포남영아파트)"
부산의료기,"부산광역시 동래구 중앙대로 1329, 1층 (온천동)"
부산의료기,"부산광역시 사상구 가야대로 258 (주례동, 1층)"
부산의료용품,"부산광역시 동구 중앙대로 415, 1층 (좌천동)"
부영의료기,부산광역시 부산진구 중앙대로 795 (부전동)
부전의료기,부산광역시 부산진구 중앙대로 789 (부전동)
부천 장애인 보장구 클리너 센터,"경기도 부천시 길주로392번길 28, 1층 (춘의동)"
분당의료기,"경기도 성남시 분당구 돌마로 80, 1층 101호 (구미동, 현대벤처빌오피스텔)"
분당헬스케어,"경기도 성남시 분당구 벌말로 10, 상가동 108,109호 (야탑동, 목련마을 아파트)"
뷰티앤메디,"서울특별시 양천구 지양로 86 , 102호 (신월동, 호영빌딩)"
비전의료기,"경기도 평택시 중앙로 210, 1층 3호 (합정동)"
빈센트복지센터,"경기도 수원시 팔달구 중부대로 100, 4층 (인계동)"
사)경남지체장애인협회사천시지회,경상남도 사천시 노대길 178 (노룡동)
사단법인 누리복지회,"부산광역시 북구 금곡대로616번길 99-1, 1층 (금곡동)"
사단법인 안심생활 남부지점,"부산광역시 수영구 수영로 457 (남천동, 1층)"
사람과 세상,"경상남도 양산시 양주3길 15-14, 1층 (중부동, 황토추어탕)"
사랑나눔케어 노인복지센타,"서울특별시 구로구 남부순환로 1287, 103호 (가리봉동, 정성요양병원)"
"사랑돌봄재가복지센터,복지용구","인천광역시 연수구 용담로 60 , 201호 (청학동)"
사랑모아의료기,대구광역시 서구 북비산로74길 18-1 (비산동)
사랑의료기,"전라북도 정읍시 신태인중앙로 9 (신태인읍, 그린당구장)"
사랑의료기,광주광역시 광산구 첨단내촌로11번길 27 (월계동)
사랑의줄잇기,"서울특별시 노원구 한글비석로47길 28, 지층 (상계동, 대도빌딩)"
사랑재활사,"전라북도 전주시 완산구 하거마2길 30, 1층 (삼천동1가)"
사명의수족,"광주광역시 남구 백운로 6, 1층 (백운동, 상아기업)"
사차원재활의료기센터,"서울특별시 성북구 장월로28길 30, 1층 (장위동)"
사천아이케어,경상남도 사천시 진삼로 1289 (사천읍)
사회복지공유주방협동조합,"서울특별시 송파구 문정로 246 송파사회적경제지원센, 1층 9호 (마천동, 송파구 재활용센터)"
사회적협동조합 청해복지원 복지의료기센터,전라남도 완도군 장보고대로42번길 67 (완도읍)
사회적협동조합 휴먼케어,충청북도 청주시 청원구 충청대로 93 3층 (율량동)
삼광사,전라남도 순천시 성동3길 8 (동외동)
삼마메디칼,"경기도 남양주시 고래산로451번길 147, 1층 (조안면, 송백목)"
삼백의료기,경상북도 상주시 중앙로 160 (남성동)
삼보메디칼,"광주광역시 남구 입하길 12 (송하동, 건강한약국)"
삼보의료기,강원도 원주시 치악로 1878-3 (봉산동)
삼보의료기,서울특별시 종로구 종로 227-1 (종로5가)
삼성 의료기,"전라북도 익산시 서동로 93 (마동, 파크장모텔)"
삼성건강의료기,전라북도 정읍시 중앙로 191 (시기동)
삼성메디컬,경상남도 진주시 진주대로 914 (칠암동)
삼성보조기,"충청남도 천안시 동남구 망향로 186, 1층 (안서동, 맛골진곰탕)"
삼성의료기,전라북도 군산시 의료원로 40-1 (지곡동)
삼성의료기,경상남도 양산시 중앙로 174-1 (북부동)
삼성의료기,전라북도 전주시 덕진구 안덕원로 369 (산정동)
삼성의료기,"전라북도 정읍시 중앙로 88 (연지동, 삼성의료기)"
삼성의료기,경상북도 예천군 시장로 119 (예천읍)
삼성의료기,경상북도 포항시 북구 용흥로 22 (용흥동)
삼성의료기,강원도 강릉시 경강로 2069 (임당동)
삼성의료기,대구광역시 남구 두류공원로 86 (대명동)
삼성의료기,광주광역시 광산구 월곡산정로 1 (산정동)
삼성의료기,"경상북도 영주시 구성로 377, 1층 (영주동)"
삼성의료기,경기도 양평군 양평읍(양평읍) 시민로 2
삼성의료기,"경상북도 문경시 신흥로 173, 1동 1층 101호 (점촌동, 우진행복아파트)"
삼성의료기,세종특별자치시 조치원읍 새내로 85 (조치원읍)
삼성의료기상사,경상남도 창원시 의창구 의창대로211번길 6-2 (서상동)
삼성의료기상사,경기도 안양시 만안구 삼덕로 12 (안양동)
삼성의수족보조기,"서울특별시 용산구 한강대로 371-1 (동자동, 삼성의료보조기)"
삼성종합의료기,경상북도 상주시 상산로 333 (무양동)
삼성현재가장기요양센터,"경상북도 경산시 경안로39길 3, 1층 (중방동)"
삼에스개발(주),부산광역시 연제구 월드컵대로 83 (연산동)
삼우의료기,"경기도 시흥시 삼미시장1길 19 (신천동, 삼미상가 A동 1층 1호)"
삼원의료기,서울특별시 종로구 종로 263-0 (종로6가)
삼일의료기상사,"충청북도 청주시 청원구 공항로 163, 1동 4호 (사천동)"
삼일의료기유통,충청남도 논산시 시민로 293 (내동)
삼정의료기,부산광역시 기장군 무양2길 11 (기장읍)
삼척의료기,강원도 삼척시 오십천로 421 (남양동)
삼천리자전거대리점,강원도 동해시 대동로 123 (북평동)
삼학의료기,전라남도 목포시 둥근섬로 2 (산정동)
삼호의료기,광주광역시 동구 문화전당로 3-1 (남동)
삼화의지보조기,"서울특별시 종로구 율곡로 189 (연건동, 정원빌딩)"
삼흥의료기,"부산광역시 남구 유엔평화로4번길 4 (대연동, 수복장여관)"
상도의료기,부산광역시 서구 망양로 5 (서대신동3가)
상록메디칼,"경상남도 진주시 신안로 165, 128호 (이현동, 이현종합상가)"
상록의료기,대전광역시 중구 목중로 31 (목동)
상명의료기,경기도 용인시 기흥구 신구로12번길 9 (구갈동)
상무의료기,광주광역시 서구 화정로 10 (쌍촌동)
상아보조기상사,경상남도 진주시 진주대로920번길 20-1 (칠암동)
상아의료기,전라북도 전주시 덕진구 건지로 10-9 (금암동)
상아의료운동기구,전라남도 목포시 영산로 620 (석현동)
상주실버의료기,"경상북도 상주시 냉림2길 111, 7701동 103호 (냉림동, 냉림3,4주공아파트)"
상주의료기상사,"경상북도 상주시 상산로 326, 2층 (냉림동)"
새광명의료기,"울산광역시 중구 태화로 263, A동 101,102호 (태화동, 한라궁전아파트)"
새둔산의료기,"대전광역시 중구 계룡로920번길 36, 101층 (대사동)"
새롬메디칼,경상남도 통영시 무전7길 174 지하1층 (무전동)
새롬의료기,"대전광역시 중구 보문로 233, 1층 (대흥동)"
새봄의료기복지용구센터,"경기도 부천시 장말로271번길 12-4, 1층 (심곡동)"
새소망의료기,전라북도 익산시 선화로47길 88 (영등동)
새한의료기,"전라북도 김제시 남북로 72, A동 102호,103호 (신풍동, 새한아파트 상가)"
새힘복지용구사업소,전라북도 진안군 시장길 70 (진안읍)
샘물 의료기 판매사,"부산광역시 북구 만덕3로16번길 11, 4동 8호 (만덕동, 벽산라인훼미리타운)"
샘물복지용구,"경기도 수원시 장안구 이목로74번길 9, 201동 101층 (파장동)"
샘솟는공동체,"경기도 의정부시 용민로26번길 33 , 101호 (용현동)"
샵라이더코리아 주식회사,경기도 용인시 기흥구 동백5로91번길 3-6 (중동)
서강재활사,전라북도 전주시 덕진구 동부대로 675 (우아동3가)
서광의료기,울산광역시 울주군 남문길 3-11 (언양읍)
서광의료기,전라남도 여수시 무선로 67 (선원동)
서광의수족보조기(의료기),"경기도 파주시 아리랑로 3, 1층 (금촌동)"
서귀의료기상사,제주특별자치도 서귀포시 일주동로 8674 (동홍동)
서대문의수족보조기,서울특별시 서대문구 경기대로 74 (충정로2가)
서동의료기,"전라북도 익산시 신동로 143 (신동, 청솔부동산컨설팅)"
서면의료기,부산광역시 부산진구 중앙대로783번길 8 (부전동)
서부산의료기보청기,"부산광역시 사하구 제석로 22, 1층 (하단동)"
서북의료기상사 서북복지용구사업소,"서울특별시 은평구 갈현로11길 43, 105호 (역촌동, 두성주상복합아파트)"
서산의료기복지용구센터,"충청남도 서산시 동헌로 24, 1층 (석남동)"
서산중앙의료기,"충청남도 서산시 수석산업로 5 (수석동, 서산중앙병원)"
서울건강의료기,"경상남도 거창군 중앙로1길 34 (거창읍, 서울건강의료기)"
서울보청기·의료기,경상남도 밀양시 내이4길 11 (내이동)
서울원광의료기,"서울특별시 중랑구 봉우재로 68, 102호 (면목동, 광진빌딩)"
서울의료기,"경상남도 함양군 한들로 145 (함양읍, 현대동물병원)"
서울의료기,서울특별시 송파구 송이로 112 (가락동)
서울의료기2호,경상남도 함양군 함양읍 용평길 43
서울의료기상사,제주특별자치도 제주시 연신로 51 (이도이동)
서울의지,서울특별시 용산구 한강대로15길 2-9 (한강로3가)
서울의지연구소,"대전광역시 중구 문화로 170, 4층 (문화동)"
서울재가장애인협회,"서울특별시 동대문구 청계천로 521, 4층 (용두동, 다사랑행복센터)"
서울지점,"서울특별시 마포구 성지1길 33 (합정동, 1층)"
서인천 의료기,"인천광역시 서구 서달로105번길 4, 1층 (석남동)"
서천미소의료기,"충청남도 서천군 서천로 52-1, 1층 (서천읍)"
서천의료기,충청남도 서천군 서천읍 충절로81번길 7 ((102호))
선린의료기상사,경상북도 포항시 북구 대신로 47 (대신동)
선메딕,광주광역시 서구 풍암신흥로62번길 3-19 (풍암동)
선비의료기,"경상북도 안동시 대안로 115, 1층 (대석동)"
선진의료기,경기도 의정부시 금오로 121-6 (금오동)
선진의료기,충청남도 보령시 원동2길 36 (대천동)
선진의료기,대구광역시 달서구 대천동(월성2동) 635 번지 성서공단51L/12B
선한보장구 협동조합,광주광역시 광산구 도산로12번길 25 (도산동)
설악의료기,강원도 속초시 번영로 208 (영랑동)
섬지의료기,"인천광역시 동구 방축로37번길 30, 5동 201호 (송현동, 인천산업용품유통단지)"
성광종합의료기,경상북도 의성군 중앙길 27 (의성읍)
성남보조기센터,울산광역시 북구 진장로 86-1 (진장동)
성남의료기,"경기도 성남시 중원구 도촌로8번길 14, 114호 (도촌동, 도촌대덕프라자2)"
성림메디칼,부산광역시 금정구 중앙대로 2044 (남산동)
성림의료기,부산광역시 금정구 중앙대로 1907 (구서동)
성모녹십자의료기,"경기도 부천시 원미구 부일로571번길 49, 1층 (소사동)"
성모의료기,경기도 양평군 중앙로 256 (양평읍)
성모의료기,"경기도 의정부시 금오로 113, 1층 (금오동)"
성모의료기,"충청북도 청주시 청원구 주성로 172, 102호 (율량동)"
성모의료기.조은소리보청기,대전광역시 중구 충무로15번길 90 (대흥동)
성모케어,충청북도 충주시 국원대로 104 (교현동)
성민상사,"대구광역시 서구 평리로29길 7, 1층 (중리동)"
성북장애인보장구클린센터,"서울특별시 성북구 보문로 133, 1층 (보문동2가)"
성신의료기,대구광역시 동구 아양로 109 (신암동)
성심메디칼,"충청남도 천안시 동남구 대흥로 136 (사직동, 인정받은불낙지)"
성심메디케어,"서울특별시 강북구 솔샘로 199 1층, 좌측 (미아동)"
성심의료기,충청남도 서산시 서해로 3616 (잠홍동)
성심의료기,"강원도 동해시 중앙로 214, 102호 (천곡동, 태화빌딩)"
성심티엠,"경기도 화성시 동탄중앙로 381-7, 103호 (석우동)"
성애의료기상사,"서울특별시 영등포구 여의대방로53길 23 (신길동, 1층)"
성주의료기상사,경상북도 성주군 시장길 5-2 01030039406 (성주읍)
성지보조기상사,경상남도 밀양시 중앙로 242 (삼문동)
성지의료기,"강원도 원주시 중앙로 21, 1층 (인동)"
성진의료기상사,"경상북도 구미시 들성로15길 11, 102호 (고아읍, 아승상가)"
성진의료기상사,"경상남도 창원시 마산회원구 팔용로 165 (구암동, 제세한의원)"
성현메디칼,"경기도 양주시 고읍남로 36, 1층 116호 (광사동)"
세계로보청기전주점,전라북도 전주시 덕진구 백제대로 686 (인후동2가)
세광메디케어,"서울특별시 강서구 양천로24가길 12, 1층 (방화동)"
세광바이오테크,"인천광역시 계양구 아나지로 175, 1층 (효성동)"
세기헬스마트,"대구광역시 중구 달구벌대로 2199 (삼덕동2가, 세기헬스마트)"
세라케어,"경기도 김포시 율마로450번길 34-13, 1동 (통진읍)"
세명메디칼상사,부산광역시 부산진구 가야대로 763 (부전동)
세영의료기,"부산광역시 동구 고관로 164 일신빌딩, 1층 (좌천동)"
세영의료기,"전라남도 무안군 승달로 11, 205동 (무안읍)"
세영의료기운동기구,"광주광역시 동구 필문대로 120 (산수동, (1층))"
"세영의지,보조기",충청북도 청주시 청원구 공항로13번길 2-0 (내덕동) 지하
세우의료기,인천광역시 남동구 남동대로774번길 36 (구월동)
세운의료기,충청북도 충주시 국원대로 91 (교현동)
세운의료기보조기,"울산광역시 중구 학성로 186, 101호 (학성동, 모아시티타운)"
세움메디케어,"경기도 안산시 상록구 본삼로 39, 606호 (본오동, 인제빌딩)"
세움보조기,"서울특별시 노원구 한글비석로24바길 43, 지층 (상계동, 미래피아노학원)"
세원의료기,서울특별시 영등포구 영등포로 182-2 (영등포동4가)
세종의료기,"경기도 고양시 일산동구 동국로 18, 102호 (식사동, 연합빌딩)"
세종의료기,"세종특별자치시 세종특별자치시 장안로 32, 1층 1호 (조치원읍)"
세종의료기,"경기도 부천시 호현로489번길 27, 1층 (소사본동)"
세종의료기,경상북도 성주군 성주읍3길 12 (성주읍)
세종의료기,대전광역시 중구 대종로593번길 48 (선화동)
세주의료기,전라남도 목포시 하당로 195-1 (상동)
세진 엠 케어,전라북도 군산시 서흥길 81 (서흥남동)
세진의료기상사,부산광역시 동구 고관로 73 (수정동)
세호,경기도 고양시 일산동구 일산로330번길 3 (마두동)
소리샘보청기 괴산센터,"충청북도 괴산군 읍내로 288 (괴산읍, 안경나라 소리샘보청기의료기)"
소망의료기,광주광역시 동구 백서로137번길 2 (남동)
소망의료기,"전라북도 군산시 신설1길 5-3 (나운동, 미듬사무기)"
소망의료기,"경상북도 구미시 검성로 32-10, 103호 (인의동)"
소망의료기,"전라북도 전주시 덕진구 건지로 14-6 (금암동, 우리원룸)"
소망의수족보조기,"서울특별시 금천구 시흥대로36길 68, 1층 (시흥동)"
소망케어,경기도 평택시 평택로 94-1 (통복동)
소백의료기,경상북도 영주시 지천로 169 (가흥동)
소정의료기,"부산광역시 해운대구 아랫반송로21번길 123 (반송동, 외)"
소정의료기,부산광역시 해운대구 해운대로61번길 110-1 (반여동)
솔고복지용구지원센터,"강원도 춘천시 공지로 324, 1층 (효자동)"
솔로몬메디컬,서울특별시 도봉구 우이천로 220 (창동)
솔보조기의료기상사,경상북도 포항시 북구 용당로 86 (대흥동)
솔의료기,"인천광역시 서구 승학로 320, 1층 (연희동, 연세병원)"
송산의료기,"충청남도 당진시 당진중앙1로 151 (읍내동, BHC 당진점)"
송정의료기,전라남도 영광군 월현로 41 (영광읍)
송탄의료기,경기도 평택시 탄현로 312 (지산동)
수 그린웨이,경기도 성남시 중원구 둔촌대로 124 (하대원동)
수레바퀴,충청남도 보령시 보령북로 76 (대천동)
수메디칼,"인천광역시 남동구 인주대로 839, 지층 (만수동)"
수메디칼,경상북도 포항시 북구 새천년대로 544 (죽도동)
수메디칼,"대구광역시 달서구 두류남3길 16, 1층 (두류동, 그레이스)"
수명의료기,"전라남도 여수시 진남로 1 (서교동, 윤치과의)"
수안의료기,부산광역시 동래구 충렬대로237번길 47 (수안동)
수영의료기,부산광역시 수영구 연수로401번길 3 (수영동)
수원의료기 가족사랑드림 복지용구사업소,경기도 수원시 영통구 매탄로 202 (매탄동)
수정의료기,서울특별시 성북구 동소문로 179-50 (돈암동)
순창건강의료기,전라북도 순창군 순창6길 28-0 (순창읍)
스마일시니어 부안의료기,전라북도 부안군 번영로 81-3 (부안읍)
스마일의료기,"전라남도 해남군 중앙1로 189, 1층 (해남읍, 대성N스쿨)"
스마일케어,"경상남도 김해시 김해대로2517번길 20, 1층 (삼정동)"
스마트복지의료기,경기도 시흥시 대야로23번길 1 (대야동)
스마트의료기,경상남도 창원시 마산합포구 3·15대로 310-1 (서성동)
스위티즈(SWEETIES),"경기도 수원시 팔달구 중부대로223번길 92, 206동 105호 (우만동, 주공아파트)"
스카이메디칼,"서울특별시 노원구 상계로35가길 16, 지하층 지하101호 (상계동, 초산아트빌라)"
스타키보청기,"경기도 양평군 시민로 78 (양평읍, 양평미용학원)"
스타트,"경기도 성남시 수정구 논골로61번길 2, 1층 101호 (단대동, 번영맨션)"
스텔라의료기,"대구광역시 동구 아양로 99 (신암동, 파티마병원)"
시내의료기,"울산광역시 남구 문수로369번길 37, 1층 (옥동)"
시몬메디케어,"서울특별시 강동구 천호대로170길 34, 306호 (성내동)"
시민의료기,"울산광역시 남구 중앙로 230, 1층 101호 (신정동)"
시온메디칼,"충청남도 천안시 서북구 불당8길 4, 101호 (불당동, 영진빌딩)"
시티메티칼,"경기도 고양시 일산동구 중앙로 1129, 1074호 (장항동, 호수마을1단지아파트)"
신 세종메디,경상남도 창원시 의창구 의창대로289번길 19 (소답동)
신기의료기,"경상남도 양산시 중앙로 194, 1층 (북부동, 삼성고속관광)"
신기의료기 고성점,경상남도 고성군 중앙로 20 (고성읍)
신기의료기 금정점,"부산광역시 금정구 중앙대로1959번길 8, 1층 (구서동)"
신기의료기 김해점,"경상남도 김해시 분성로 295, 103호 (서상동)"
신기의료기 대구점,"대구광역시 서구 국채보상로 34, 217호 (중리동)"
신기의료기 대전점,"대전광역시 서구 가수원로 106 상가 제6호동, 1층 101호 (가수원동, 은아아파트3단지)"
신기의료기 덕천점,"부산광역시 북구 덕천로 62, 1층 (덕천동)"
신기의료기 둔촌점,"서울특별시 강동구 천호대로188길 8, B102호 (둔촌동, 토브하우스)"
신기의료기 만덕점,"부산광역시 북구 상리로 79, 1층 (만덕동)"
신기의료기 물금점,"경상남도 양산시 백호2길 13-6, 1층 (물금읍)"
신기의료기 부산 남구점,부산광역시 남구 용호로 157 (용호동)
신기의료기 부산점,"부산광역시 북구 금곡대로616번길 117, 1층 (금곡동)"
신기의료기 부산진구점,"부산광역시 부산진구 백양대로 34, 에이동동 (부암동)"
신기의료기 사하점,"부산광역시 사하구 윤공단로14번길 25, 1층 (다대동)"
신기의료기 안산점,"경기도 안산시 상록구 충장로 72, 1층 (본오동)"
신기의료기 양산동면점,"경상남도 양산시 금오2길 25, 1층 (동면, 서림아이빌)"
신기의료기 양평점,경기도 양평군 공흥로 5 (양평읍)
신기의료기 용인점,"경기도 용인시 수지구 성복2로 17, 1층 118호 (성복동, 수지 골드프라자1)"
신기의료기 울산점,울산광역시 중구 내황4길 14 1층 1호 (반구동)
신기의료기 웅상점,"경상남도 양산시 번영로 37, 103호 (덕계동)"
신기의료기 인천점,"인천광역시 미추홀구 인주대로 194, 1층 (용현동)"
신기의료기 장유점,"경상남도 김해시 능동로 55-1, 101동 2502호 (삼문동)"
신기의료기 중구점,"부산광역시 중구 초량상로7번길 4, 102호 (영주동)"
신기의료기 진영점,"경상남도 김해시 진영로 215, 1층 (진영읍)"
신기의료기(수원점),"경기도 수원시 팔달구 화산로 16, 1층 102호 (화서동)"
신기의료기해운대점,"부산광역시 해운대구 재반로104번길 22 제지하층 제2호 (재송동, 상록빌라)"
신남케어,"대전광역시 중구 대전천서로163번길 65, 1층 (석교동)"
신대세의료기 해운대점,"부산광역시 해운대구 우동2로30번길 3, 1층 (우동)"
신도시의료기,"부산광역시 해운대구 좌동순환로 252, 109호 (좌동, 대원아파트상가)"
신라의료기(모두케어),"경기도 안산시 상록구 석호공원로 43, 1층 (사동)"
신성산업사,경기도 남양주시 수동면(수동면) 내방리 107-6
신성의료기,"경상남도 양산시 화합1길 13-1, 1층 (물금읍)"
신세계의료기,전라남도 장흥군 대대로 914-1 (대덕읍)
신세계의료기,서울특별시 종로구 종로 248 (종로5가)
신세계의지센터,대구광역시 서구 서대구로 339 (비산동)
신아의료기,인천광역시 부평구 부평대로 173 (청천동)
신용메디칼,경기도 용인시 기흥구 강남서로67번길 1 (구갈동)
신용의수족보조기,대구광역시 서구 북비산로 389-1 (비산동)
신용의족보조기상사,대전광역시 동구 역전3길 1 (정동)
신우메디칼통상,울산광역시 남구 북부순환도로 47 (무거동)
신일휠체어.의료기,"대구광역시 서구 문화로 256, 1층 (평리동)"
신정의료기,"대구광역시 중구 국채보상로 533-18, 1층 (서문로1가)"
신진오토바이센타,충청남도 공주시 번영1로 45 (신관동)
신진의료기,대구광역시 중구 국채보상로 480 (동산동)
신진의료기(성서점),대구광역시 달서구 달구벌대로 1007 (호산동)
신창의료기,부산광역시 중구 광복로 20-2 (부평동1가)
신창의료기,"경상남도 거제시 고현로 119, A동 102호 (고현동, 중앙빌딩)"
신평화의료기,"전라남도 목포시 영산로 627, 2동 101호 (석현동, 영신학원기숙사)"
신화메디칼,"경기도 고양시 일산서구 일중로 72 동해빌딩, 504호 (일산동)"
신화헬스앤드의료기,대구광역시 달서구 월배로 325 (송현동)
실로암의료기,"경기도 시흥시 비둘기공원7길 39 , 2층 207호 (대야동, 트윈프라자)"
실버드림,"인천광역시 남동구 남동대로 890, 지하층 B02호 (간석동, 탑메디칼빌딩)"
실버메디칼,"강원도 동해시 중앙로 188 (천곡동, 지상1층)"
실버벨스복지용구,"전라북도 전주시 덕진구 팔달로 357-23, 1층 (진북동)"
실버의료기,"충청북도 청주시 서원구 1순환로 765, 1층 (개신동)"
실버의료기,"강원특별자치도 동해시 동해대로 5458, 1층 (평릉동, 일성빌딩)"
실버의료기프라자,울산광역시 남구 번영로233번길 8 (신정동)
실버케어114,"경기도 부천시 소향로 29, 109호 (상동, 그린프라자)"
실버케어협동조합,광주광역시 남구 독립로 89 (월산동)
십자의료기,"전라북도 익산시 인북로 49 (인화동1가, 조치과의원)"
쌍용메디칼,서울특별시 영등포구 도신로4길 31-1 (대림동)
썬메디칼,"경기도 안산시 단원구 선이로 6 (선부동, 일신건영휴먼빌아파트)"
썬의지보조기의료기,"인천광역시 부평구 부평대로 337, 5층 526호 (청천동, 부평 제이타워3차 지식산업센터)"
씨엘(CL)메디칼,대구광역시 동구 아양로 113-25 (신암동)
씨엠케어메디,"서울특별시 중랑구 상봉중앙로1길 2, B1층 (상봉동)"
씨유순천향복지점,경상북도 구미시 1공단로 181 (공단동)
아남의료기,"광주광역시 남구 양림로 37, 2층 (양림동)"
아림의료기,"경상남도 거창군 강남로 236, 1층 2호 (거창읍, 거창버스터미널)"
아미피아,경기도 남양주시 수레로 947-55 (화도읍)
아산의료기,"충청남도 아산시 시민로 403 (온천동, 좋은안경원)"
아산한일의료기,"서울특별시 송파구 가락로42길 16, 1층 101,102호 (방이동)"
아이휠 구미점,경상북도 구미시 3공단1로 263-26 (임수동)
아주실버케어,"경상남도 진주시 돗골로117번길 21, 1층 (상평동)"
아주의료기,경상남도 진주시 모덕로 76 (상대동)
아주의료기,"경기도 수원시 영통구 월드컵로179번길 6, 2층 5호 (원천동, 삼아빌딩)"
아주의료기,경기도 부천시 경인로 213 (심곡본동)
아주의료기,"전라북도 익산시 서동로 164, 105호 (마동, 우림마동 그린맨션아파트)"
아트라스네트웍스,"경기도 용인시 기흥구 어정로 134-8, 가동 7호 (중동, 경수건설)"
안계의료기,경상북도 의성군 용기5길 43 (안계면)
안동삼성의료기,"경상북도 안동시 경동로 829 (용상동, 해성빌딩)"
안동의료보조기,"경상북도 안동시 전거리2길 5, 1층 (용상동)"
안동종합 보청기 의료기,경상북도 안동시 서동문로 113 (법상동)
안산메디칼,"경기도 안산시 상록구 구룡로 80-1, 101호 (일동)"
안산메디칼,"경기도 안산시 상록구 구룡로 80-1, 101호 (일동)"
안심베드,경기도 고양시 일산서구 송포로425번길 78-28 (가좌동)
안심의료기,대구광역시 동구 율하동로 115 (신기동)
안중의료기,"경기도 평택시 안중로 132, 102호 (안중읍)"
알파케어,"서울특별시 동작구 상도로34나길 9, 1층 (상도동, 백산)"
알파케어,"인천광역시 남동구 백범로 203, 106-1호 (만수동)"
애플의료기,"인천광역시 남동구 독점로29번길 30 (구월동, 후문약국)"
약손의료기,"경상남도 의령군 의병로 245-1 (의령읍, 삼천리)"
양산복지의료기,"경상남도 양산시 서창로 112 (삼호동, 형제유리)"
양지복지센터,"부산광역시 해운대구 송정중앙로 19, 201호 (송정동, 코스마아파트)"
양지의료기,"경기도 부천시 석천로112번길 16, 102호 (중동, 황실다세대1층)"
양촌의료기,충청남도 논산시 매죽헌로 1668 (양촌면)
양평종합의료기,"경기도 양평군 용문로 342-1, 1층 (용문면)"
어르신이 행복한 세상,"인천광역시 부평구 충선로 309, 1층 (삼산동)"
어르신이 행복한세상,"부산광역시 연제구 과정로208번길 21, 2층 (연산동)"
어르신이행복한세상,"대전광역시 유성구 대정로42번길 46 (대정동, 1층)"
어르신이행복한세상,대전광역시 서구 도마로 80 (도마동)
어르신이행복한세상경북북부지사,경상북도 안동시 대안로 190 (운흥동)
어울림,"전라북도 군산시 월명로 342, 101호 (서흥남동, 앗싸돈)"
언양의료기,"울산광역시 울주군 남문길 13-5, 1층 (언양읍)"
엄마품케어,"서울특별시 강서구 강서로 462, 2층 207호 (등촌동, 대룡드림타워-1)"
엄정기계상사,충청북도 충주시 내창로 215-1 (엄정면)
에덴케어,전라남도 진도군 석현2길 36-15 (고군면)
에듀카프,"서울특별시 강남구 압구정로30길 63, 402호 (신사동)"
에버케어,"전라북도 익산시 황등로 222-25 (황등면, (주)해올)"
에벤에셀,충청남도 금산군 비선길 23 (금산읍)
에스앤디케어(S&D Care),"경기도 용인시 기흥구 동백3로11번길 33, 403호 (중동, 새롬프라자)"
에스앤비,"서울특별시 서대문구 포방터길 4, 지층 (홍제동)"
에스엔이 (S&K) 홈케어,"부산광역시 연제구 과정로 168, 2층 (연산동, 대동 레미안)"
에스엠,강원도 원주시 치악로1735번길 59 (단구동)
에스의료기,"대전광역시 서구 월평중로13번길 109, 103호 (월평동)"
에이블테크,"부산광역시 남구 고동골로78번길 64, 2층 (문현동, 케이트리영어학원)"
에이엔아이 코리아,"대구광역시 달서구 성서공단북로77길 62, 1층 (장기동)"
에이원케어메디칼,"경기도 수원시 권선구 일월천로15번길 14-13, 102호 (구운동, 에이원빌딩)"
에이치메디컬,"대구광역시 달성군 비슬로122길 31, 1층 (현풍읍)"
에이치케이,"서울특별시 성동구 성덕정길 118, 1층 (성수동2가)"
에이투지메디칼 주식회사,"서울특별시 강서구 공항대로 260 , 지층 101호 (마곡동, 이화의대부속서울병원)"
에이플러스(A+)한겨레실버 복지용구센터,"서울특별시 마포구 마포대로 182-10 , 1층 102호 (공덕동, 성촌빌딩)"
엑스트라(EXTRA),"충청북도 제천시 장락로 167, 1층 102호 (장락동, 퍼스트스포렉스)"
엔젤노인복지센터,"서울특별시 은평구 통일로78길 26, 2층 201호 (불광동)"
엔젤복지용구,"충청남도 홍성군 조양로 227, 105호 (홍성읍)"
엔젤요양서비스,"충청남도 천안시 동남구 청수7로 43, 202호 (청당동)"
엔젤케어,"경기도 성남시 중원구 도촌로 12, 3층 307호 (도촌동, 도촌대덕프라자)"
엔티바이오,"서울특별시 성북구 정릉로26가길 8, 1층 (정릉동)"
엘림재가방문센터,"서울특별시 중랑구 송림길 102, 1층 (망우동)"
엘에스메디칼,"서울특별시 은평구 응암로 257, 2층 (응암동)"
엘피스의료기,"경기도 수원시 팔달구 중부대로 114, 1층 (인계동)"
엠에스,"경기도 고양시 일산서구 고양대로 648, 2층 213호 (일산동, 월드메르디앙)"
엠에스마산보조기,경상남도 창원시마산합포구 합포로 197 (산호동)
엠에스케어,"경기도 안산시 상록구 예술광장로 23, 601호 (월피동)"
엠에스케어 동부지사,"경기도 성남시 중원구 성남대로 1133, 528호 (성남동, 성남 메트로칸)"
엠에이디매직,"서울특별시 용산구 이촌로 5, 지하1층 109호 (한강로3가, 한강그랜드오피스텔)"
엠엔에이치 헬스케어,"대구광역시 달서구 두류공원로 242, 36호 (두류동)"
엠엔에이치컴퍼니,"광주광역시 광산구 상무대로 305 파크빌딩, 4층 (소촌동)"
여수시 장애인 협동조합,전라남도 여수시 허문정1길 60 (문수동)
여수의료기,전라남도 여수시 좌수영로 50 (서교동)
여주시 장애인 보장구 수리지원센터,경기도 여주시 여흥로160번길 49-16 (상동)
연서메디칼,강원도 강릉시 보래미하길29번길 21 (포남동)
연세과학의료기,"인천광역시 부평구 부흥로 246, 39동 19층 1903호 (부평동, 동아아파트)"
연세물산,전라북도 전주시 완산구 팔달로 262-14 (서노송동)
연세보조기,"서울특별시 용산구 한강대로 351-1 (동자동, 돌핀샘, 일번지)"
연세의료기,"대구광역시 북구 대동로1길 72, 블루2동 1층 (산격동)"
연세의료기,"경상남도 사천시 중앙로 136, 1동 (벌리동, 삼천포제일병원)"
연세의료기,"전라북도 고창군 화신1길 16 (고창읍, 이미지 메이킹)"
연세의료기,"충청남도 천안시 서북구 두정로 203, 106호 (두정동)"
연세의료기,"경상북도 영주시 풍기로 47-3, 1층 (풍기읍, 풍기호텔신라관)"
연세의료기,경상남도 창원시 마산합포구 문화동4길 6 (월남동2가)
연세의료기상사,경상남도 창원시 진해구 동진로11번길 4 (이동)
연세종합의료기,부산광역시 수영구 수영로 612 (광안동)
연수복지용구,"인천광역시 연수구 원인재로 212 (연수동, 연수시영1차@단지내상가402동301호)"
연수의료기,경기도 수원시 팔달구 중부대로 98 (인계동)
연천장애인보조기구수리지원센터,"경기도 연천군 전곡로 13, 1층 (전곡읍)"
연합의료기,경기도 시흥시 복지로 61 (대야동)
열린메디칼,"경상남도 진주시 초전남로 25, 1층 (초전동)"
영남의료기,경상북도 의성군 문소3길 95-2 (의성읍)
영남의료기상사,"경상북도 영주시 구성로 333 (영주동, 21세기약국)"
영도의료기,부산광역시 영도구 태종로 76 (대교동1가)
영동의료기,강원도 영월군 영월읍 중앙1로 48
영동의료기상사,경기도 평택시 평택2로 27-1 (평택동)
영등포남북의료기,서울특별시 영등포구 영등포로 219 (영등포동5가)
영메디칼의료기,충청북도 청주시 서원구 수곡로67번길 15-3 (수곡동)
영메디케어,경기도 광주시 지월로 61 (초월읍)
영신의료기,부산광역시 서구 보수대로280번길 39-3 (서대신동3가)
영원메디칼,"서울특별시 동작구 보라매로5길 23, 102호 (신대방동, 삼성보라매옴니타워)"
영월의료기,강원도 영월군 영월읍 중앙1로 47
영인메디칼,"서울특별시 강동구 성안로7길 47, 1층 101호 (성내동)"
영인메디칼,"대구광역시 달서구 상인로 37, 1층 (상인동)"
영인의료기,경상남도 진주시 진양호로 570 (장대동)
영일메드,"서울특별시 종로구 종로 198-1 (종로4가, 덕화빌딩)"
영전오토바이,전라북도 부안군 부안로 1141 (보안면)
영주의료기,"경상북도 영주시 대학로 208, 1층 (가흥동)"
영지의료기종합상사,강원도 정선군 봉양7길 49 (정선읍)
영진의료기,"서울특별시 용산구 한강대로 109, 지2층 229호 (한강로2가, 용성비즈텔)"
영천 의료기 보청기 상사,경상북도 영천시 시장로 60-1 (완산동)
예산의료기 복지용구,충청남도 예산군 임성로 40 (예산읍)
예손의료기,경상남도 창원시마산합포구 남성로 93 (수성동)
예손의료보조기,경상남도 창원시 마산합포구 남성로 93 (수성동)
예인의료기,"인천광역시 계양구 화산로66번길 14-14, 102호 (방축동)"
예천의료기,"경상북도 예천군 효자로 74-2 (예천읍, 중앙꽃화원)"
오광케어,충청북도 청주시 상당구 무심동로372번길 40 (서문동)
오라의료기,"강원도 강릉시 강릉대로 414, 1층 (포남동)"
오렌지실버어르신용품점,서울특별시 서초구 동광로 29 (방배동)
오리울,"서울특별시 영등포구 당산로41길 11, W동 13층 1312호 (당산동4가, 당산 SK V1 center)"
오성메디칼재활센터,대구광역시 중구 문우관길 23 (남산동)
오스오슬림보조기,부산광역시 해운대구 재반로125번길 19 (재송동)
오케이노인복지센터,"대구광역시 남구 봉덕로 97, 5층 (봉덕동)"
오피레하(OPReha),"경기도 하남시 조정대로 45, F118, F119호 (풍산동, 미사센텀비즈)"
옥과튼튼의료기,전라남도 곡성군 대학로 173 (옥과면)
옥동의료백화점,경상북도 안동시 경북대로 387 (옥동)
온누리부흥센터,"경기도 안양시 만안구 냉천로153번길 9, 101호 (안양동)"
온맘의료기,경상북도 영주시 중앙로 127 (영주동)
온세상의료기,"경기도 부천시 경인로150번길 17, 1층 (송내동, 아이랜드미술음악학원)"
온양의료기,충청남도 아산시 번영로 177 (권곡동)
온의료기,부산광역시 부산진구 가야대로 719 지하 2층 (당감동)
올시스코리아,"경기도 구리시 동구릉로30번길 20, 1층 101호 (인창동)"
와이덱스보청기(명성의료기),경기도 이천시 중리천로 61 (창전동)
와이덱스보청기의료기,경상북도 김천시 자산로 52 (모암동)
와이덱스보청기의료기상사,"경상북도 구미시 구미중앙로 144 (원평동, １층)"
와이비(YB)메디칼,"서울특별시 송파구 법원로 90, 1106호 (문정동, 파트너스2)"
와이비소프트(주),"경기도 고양시 일산동구 하늘마을로 158, c동 101,902호 (중산동, 대방 트리플라온 비즈니스 타워)"
와이엠메디칼,"광주광역시 남구 서문대로749번가길 30 (진월동, 대덕아파트상가2층2호)"
와이지메디케어,"부산광역시 사상구 백양대로934번길 52-30, 상가동 103호 (모라동, 우성2차아파트)"
와이티 메디칼,"경기도 파주시 술이홀로 876, 1층 (법원읍, 예슬판매센타)"
완도의료기,전라남도 완도군 완도읍 장보고대로 181
용원의료기,"경상남도 창원시 진해구 용원로 42 (용원동, 사라)"
용인세브란스의료기,"경기도 용인시 처인구 금학로 225 (역북동, 용인세브란스병원)"
우리노인복지센터,전라남도 보성군 녹색로 5001-15 (벌교읍)
우리들메디칼,전라북도 전주시 덕진구 반촌로 42 (인후동1가)
우리메디칼,경상북도 군위군 중앙길 11 (군위읍)
우리메디칼(보조기),"부산광역시 수영구 연수로 260, 2층 (망미동)"
우리메디텍,부산광역시 부산진구 복지로 83 (개금동)
우리복지,충청북도 청주시 서원구 사직대로 311 (사직동)
우리앤의료기(실버엠케어),경상북도 경산시 박물관로9길 13 (사동)
우리의료기,"경기도 평택시 평택3로 44, 2층 (합정동)"
우리의료기,"충청북도 청주시 흥덕구 짐대로34번길 23, 1층 102호 (복대동)"
우리의료기,"광주광역시 광산구 비아로 26, 3층 (도천동)"
우리의료기,"경기도 수원시 팔달구 중부대로 165, A동 1층 (우만동, 동수원병원)"
우리의료기,"서울특별시 성동구 무학봉길 93-1, 3층 (하왕십리동)"
우리의료기,경상북도 경산시 원효로26길 17 (계양동)
우리의료기,"충청남도 천안시 서북구 성환2로 19 , 2층 1호 (성환읍, 한서SS기정비센터)"
우리의료기,경상북도 고령군 왕릉로 66 (대가야읍)
우리의료기,경상북도 의성군 용기4길 37 (안계면)
우리의료기 보청기,"충청북도 영동군 계산로 20 (영동읍, 영동빌딩)"
우리종로의료기,"경기도 남양주시 진건오남로양지길 4, 102호 (오남읍)"
우리체어 메디칼,경기도 고양시 덕양구 명봉산로6번길 123 (내유동)
우리케어,"광주광역시 광산구 비아로 26, 1층 (도천동)"
우리케어,"서울특별시 은평구 갈현로11길 14 상가, 105호 (구산동, 파크원)"
우방의료기,"경상북도 경산시 미래로 120 경북권역재활병원, 2층 (평산동)"
우성모터스,"전라남도 순천시 강남로 29, 1층 (장천동, 우성오토바이)"
우신메디아이,"경상남도 창원시 의창구 의안로22번길 7, 1층 (소답동)"
우신메디아이,"경상남도 양산시 양주5길 9-15, 102호 (중부동)"
우아의료기,전라북도 전주시 덕진구 견훤로 380 (우아동3가)
우정메디케어 재가복지센터,"서울특별시 송파구 마천로 353, 1층 (마천동)"
우정보조기,부산광역시 동구 고관로 51 (수정동)
우정보조기상사,울산광역시 중구 태화로 64 (태화동)
울산의료기,울산광역시 남구 수암로128번길 6 (야음동)
울산의수족보조기,울산광역시 중구 태화로 8 (태화동)
웅진대성의료기,"충청남도 공주시 웅진로 118, 1층 (중학동)"
원강메디텍,"인천광역시 남동구 인주대로 878, 104호 (만수동, 광해빌딩)"
원강메디텍,강원도 춘천시 망대길 10 (중앙로3가)
원광의료기,전라북도 익산시 중앙로 48 (갈산동)
원라인코리아,"충청남도 논산시 대화로70번길 9-10, 1층 (화지동)"
원라인코리아,충청남도 금산군 마전로 44-3 (추부면)
원메딕스,부산광역시 사상구 사상로 290 (덕포동)
원보조기,"서울특별시 동작구 상도로47마길 29, 1층 (상도1동)"
원주의료기,강원도 원주시 원일로115번길 15 (일산동)
원주장애인보장구판매수리센터,"강원도 원주시 남원로527번길 82-4, 1층 (명륜동)"
원주천호보조기,강원특별자치도 원주시 치악로 1729 (단구동)
원케어메디칼,경기도 수원시 권선구 곡선로 50번길 37-10(곡반정동) 101호
월드의료기상사,"경기도 용인시 기흥구 금화로 3, 106호 (상갈동, 주공프라자)"
월드케어,"충청남도 천안시 동남구 다가5길 21, 1층 (다가동, 일성기업)"
월드케어,"대전광역시 동구 역전5길 3, 1층 (정동)"
월페어숍,대구광역시 달서구 명덕로 24 (두류동)
웰라이프,"충청남도 천안시 동남구 개목8길 7, 지하층 (봉명동, 청정세탁)"
웰러스코리아,"인천광역시 미추홀구 아암대로29번길 86, 2층 (용현동, 백제당빌딩)"
웰스콥,"서울특별시 영등포구 대림로35가길 20-1, 1층 (대림동)"
웰컴의료기기판매수리센터,대전광역시 중구 동서대로 1186 (태평동)
웰케어강북 주식회사,"서울특별시 동대문구 장한로 166, 1층 (장안동)"
웰케어동부지사,경기도 용인시 수지구 포은대로313번길 2-10 (풍덕천동)
위드로,서울특별시 광진구 뚝섬로50길 7-4 (자양동)
위드로케어,서울특별시 광진구 자양번영로4길 53-13 (자양동)
위드메디,"경상남도 창원시 의창구 차상로150번길 10, 215호 (팔용동)"
위드시니어,경기도 김포시 북변중로68번길 13 (북변동)
위드헬스케어,경기도 남양주시 고래산로451번길 179 (조안면)
윈메디,"대구광역시 동구 이노밸리로46길 12, 1층 (각산동)"
윈메디칼,대구광역시 북구 산격로서9길 14 (산격동)
윌비,"서울특별시 강동구 천호대로182길 12, 201호 (둔촌동, 샤인하우스)"
유명의료기,강원도 강릉시 보래미길 25 (포남동)
유민상사,"경기도 성남시 분당구 구미로173번길 82 (구미동, 분당서울대학교병원지하１층)"
유성,"경상남도 양산시 양주3길 15-24, 1층 (중부동, 지리산흑돼지촌)"
유성메디칼,"대전광역시 중구 계백로1566번길 89, 1층 (유천동)"
유일의료기,경상남도 창원시 마산합포구 3·15대로 230 (중앙동3가)
유일의료기,"경상남도 함안군 함안대로 584-2 (가야읍, 함안여성회)"
유진메디칼,"서울특별시 동대문구 안암로 40 (용두동, 3층)"
유진메디칼,서울특별시 광진구 능동로 320 (중곡동)
유진오앤피,서울시 성북구 보문동(보문동4가) 32
유진혤스케어,충청남도 천안시 동남구 통정6로 48 (신방동)
유창의료기 중부지사,"부산광역시 중구 해관로 81-2, 2층 (중앙동4가)"
유투케어,대구광역시 달서구 평리로 132 (죽전동)
유한종합의료기,경기도 용인시 기흥구 신구로12번길 12-1 (신갈동)
유한회사 황토나라,"전라북도 군산시 의료원로 50, 101호 (지곡동)"
윤메디케어,경상남도 진주시 월아산로 616 (금곡면)
으뜸의료기,"광주광역시 북구 경양로 72, 1층 (임동, 행복가득빌라)"
으뜸케어,"서울특별시 노원구 덕릉로 863, 1층 4호 (상계동, 동아태권도)"
은성의료기,전라남도 화순군 만연로 10 (화순읍)
은평의료기,"서울특별시 은평구 진흥로 146, 2층 (녹번동)"
은해보조기,부산광역시 동구 고관로 43 (수정동)
은혜메디케어,"광주광역시 남구 백서로 37-2 (양림동, 성도양복점)"
을지의료기,"서울특별시 노원구 한글비석로 68, B1층 (하계동, 을지병원)"
을지의료기,"대전광역시 서구 둔산서로 95, 1층 (둔산동, 을지대학병원지하)"
을지의료기 의정부점,"경기도 의정부시 동일로 712, B1층 (금오동, 을지대학교 의정부캠퍼스 및 부속병원)"
의관의료기,"경상남도 의령군 의병로 234-1, 나호 (의령읍)"
의뜸복지용구,전라북도 남원시 산성길 26 (향교동)
의료기 백화점,경상북도 안동시 서동문로 87 (금곡동)
의료기나라,"경기도 수원시 팔달구 수원천로 247 (영동, 1층)"
의료기박사,전라북도 익산시 무왕로 965 (신동)
의료기백화점,"충청남도 천안시 동남구 천안여상로 59, 102호 (봉명동)"
의료기백화점,"경기도 수원시 팔달구 중부대로 100 (인계동, 풍림빌딩신관)"
의료기백화점,"대구광역시 북구 구암로15길 22 (읍내동, （１층일부）)"
의료기할인매장,"전라북도 전주시 덕진구 백제대로 675 (금암동, 의료기할인매장)"
이강아재활사,전라북도 전주시 덕진구 태진로 139 (금암동)
이레엠 케어,부산광역시 강서구 대저로221번나길 112 (대저1동)
이레의료기,전라북도 전주시 완산구 한두평3길 17-4 이레의료기 (중화산동2가)
이레케어,"인천광역시 계양구 장제로933번길 11, 1층 (방축동)"
이선의료기,"부산광역시 사하구 다대로 328, 103동 108호 (장림동, 사하 리버팰리스)"
이에이치주식회사,경기도 안산시 단원구 중앙대로 475 (원곡동)
이오의료기,충청북도 충주시 천변로 235-5 (교현동)
이웃사람들 협동조합,"경기도 수원시 팔달구 장다리로 269, 상가동 2층 (인계동, 장안아파트)"
이원E&C,"경상북도 구미시 송원동로 77, 1층 (원평동)"
이원건강의료기,"서울특별시 서대문구 연희로 263 (홍은동, 봉산빌딩)"
이원건강의료기,대구광역시 중구 동덕로 123 (삼덕동2가)
이원건강의료기,경기도 김포시 감암로 7 (걸포동)
이원건강의료기,경상북도 상주시 왕산로 264-1 (인봉동)
이원건강의료기,경상남도 밀양시 내일2길 2 (내일동)
이원건강의료기,"경상남도 거창군 강변로 177 (거창읍, 아진프라자)"
이원건강의료기,"충청남도 공주시 웅진로 235, 103호 (금성동)"
이원건강의료기 동부산점,"부산광역시 해운대구 해운대로 637, 1층 (우동)"
이원건강의료기 발산점,"서울특별시 강서구 강서로 316, 1층 (내발산동, 창우빌딩)"
이원건강의료기 봉천점,서울특별시 관악구 관악로 226 (봉천동)
이원건강의료기 세종점,"세종특별자치시 한누리대로 589, 1층 102호 (도담동, 해피라움7)"
이원건강의료기 수유점,"서울특별시 강북구 삼각산로 59, 1층 101,102호 (수유동)"
이원건강의료기 아현점,"서울특별시 마포구 신촌로32길 3-8, 1층 102호 (아현동)"
이원건강의료기 의정부제일시장점,경기도 의정부시 태평로 88-1 (의정부동)
이원건강의료기 익산점,"전라북도 익산시 익산대로 299-1, 1층 (남중동, 뽀뽀뽀몬테소리놀이방)"
이원건강의료기 인천보훈점,인천광역시 미추홀구 인주대로132번길 14 (GMK인천보훈) (용현동)
이원건강의료기 장현점,경기도 남양주시 진접읍(진접읍) 장현로 47번길 6-2
이원건강의료기 전북대병원점,"전라북도 전주시 덕진구 건지2길 9 (금암동, 광명빌)"
이원건강의료기 첨단점,"광주광역시 광산구 월계로 203, 108호 (월계동)"
이원건강의료기 청주복대점,"충청북도 청주시 흥덕구 사직대로 38, 제1동 101호 (복대동, 포빌)"
이원건강의료기 청주성모병원점,"충청북도 청주시 청원구 율량로3번길 36, 103호 (주중동)"
이원건강의료기 해남점,"전라남도 해남군 남부순환로 11 (해남읍, 해광관광여행사,장인경헤어필,땅끝아구찜)"
이원건강의료기 화성점,"경기도 화성시 병점동로 78, 1층 (병점동, 유진클라우스)"
이원건강의료기 횡성점,강원도 횡성군 화성로 6 (횡성읍)
이원건강의료기가경점,"충청북도 청주시 흥덕구 2순환로 1256, 103호 (강서동, 강서밀레니엄타워)"
이원건강의료기강릉점,강원도 강릉시 율곡로 2835 (옥천동)
이원건강의료기군포점,"경기도 군포시 군포로485번길 3, 103호 (당동)"
이원건강의료기단양점,"충청북도 단양군 삼봉로 281 (단양읍, 단양종합보일러)"
이원건강의료기미아점,"서울특별시 성북구 동소문로 311 천산빌딩, 1층 (길음동)"
이원건강의료기쌍문점,"서울특별시 도봉구 우이천로 298, 1층 (쌍문동)"
이원건강의료기영암점,전라남도 영암군 중앙로 65 (영암읍)
이원건강의료기원주의료원점,"강원도 원주시 서원대로 383 (개운동, 한신프라자)"
이원건강의료기진도점,전라남도 진도군 남문길 45 (진도읍)
이원건강의료기천안역점,충청남도 천안시 동남구 대흥로 251 (대흥동)
이원건강의료기춘천점,강원도 춘천시 성심로 4 (교동)
이원건강의료기함안점,"경상남도 함안군 함안대로 535 (가야읍, 소매점)"
이원메디샵,경상북도 경산시 경안로 113-1 (삼북동)
이원보경의료기,"경기도 김포시 김포한강3로 287, 2층 (장기동)"
이원의료기,"경기도 동두천시 중앙로 125, 103호 (지행동, 영스포렉스)"
이원의료기,"경기도 군포시 산본로323번길 6, 103호 (산본동, 럭키빌딩)"
이원의료기,"전라북도 전주시 덕진구 벚꽃로 57 (진북동, 우성상가205-1호)"
이원의료기 부산대학병원점,부산광역시 서구 구덕로 188-1 (토성동3가)
이원의료기 양산점,경상남도 양산시 화합1길 6 (물금읍)
이원의료기문경점,"경상북도 문경시 영신로 13-1 (점촌동, 장안)"
이원의료기육거리점,충청북도 청주시 상당구 상당로 7 (남문로1가)
이원의료기해운대백병원,"부산광역시 해운대구 해운대로 875, 지하1층 (좌동, 인제대학교해운대백병원)"
이유(E U)메디텍,"대전광역시 서구 도솔로 425, 2층 (탄방동)"
이음케어,"전라북도 군산시 나포초교길 5-1 1층 101호 우측상가 (나포면, 옥곤식당)"
이지케어,충청북도 충주시 국원대로 83 (교현동)
이화의료기,"서울특별시 양천구 목동동로 431, 103호 (목동, 목동우방빌딩)"
익산의료기,"전라북도 익산시 무왕로 973-1, 2층 (신동)"
인메드,부산광역시 중구 보수대로118번길 21 (보수동2가)
인메디케어,경기도 화성시 안녕남로142번길 51 (안녕동)
인메디케어(In Medicare),"대전광역시 유성구 테크노4로 17, D동 211호 (관평동, 비즈센터)"
인산의료기,강원도 춘천시 칠전서1길 42 (칠전동)
인천재가노인복지센터,"인천광역시 동구 송림로 138, 6층 (송림동, 송림동 미지빌딩)"
인하메디칼,"인천광역시 중구 인항로 27 (신흥동3가, 인하대병원지하1층B105호)"
일광상사,경상남도 진주시 강남로 349-1 (망경동)
일등의료기,광주광역시 서구 대남대로469번길 10 (농성동)
일등의료기,"전라남도 목포시 하당로 131, 1층 (상동)"
일산의료기,"경기도 고양시 일산동구 일산로 100, 지하1층 (백석동, 일산병원)"
일신케어,경기도 수원시 권선구 구운로45번길 27 (구운동)
일심보조기,경상북도 상주시 중앙로 150 (남성동)
일한의료기,전라북도 전주시 덕진구 조경단로 114 (금암동)
임마누엘의료기,경기도 남양주시 화도읍 마석중앙로 40
임마누엘의료기산업,광주광역시 서구 화개중앙로4번길 11 (금호동)
임실의료기,전라북도 임실군 관촌면 사선로 36
자립원,경기도 수원시 팔달구 세지로399번길 94-2 (우만동)
잠실의료기,"서울특별시 송파구 위례성대로6길 40, 1층 102호 (방이동, 두레빌딩)"
장산의료기,부산광역시 해운대구 좌동순환로 436 (중동)
장성의료기,강원도 태백시 상장로 41 (황지동)
장수메디케어,서울특별시 노원구 공릉동(공릉2동) 415-64 1층
장수메디케어,"서울특별시 노원구 공릉로41길 17, 1층 (공릉동, 성문교회)"
장수실버케어의료기,전라북도 순창군 장류로 387 (순창읍)
장수실버케어의료기,전라북도 순창군 장류로 387 (순창읍)
장수의료기,"전라북도 장수군 시장로 11 (장수읍, 장수시장)"
장수의료기기,경상북도 칠곡군 군청4길 20 장수의료기기 (왜관읍)
장수의료기상사,"인천광역시 미추홀구 경원대로 865, 102호 (, 메디프렌드주안센터)"
장수케어,부산광역시 해운대구 반송로 920-1 (반송동)
장수케어(금천),"서울특별시 금천구 한내로 69-15 (독산동, 주공13단지아파트)"
장수케어(양산점),"경상남도 양산시 서창로 197 (삼호동, 주리아유흥점)"
장수케어영도,"부산광역시 영도구 태종로 498, 1층 (동삼동)"
장애인 권익지원협회 고양시지부,"경기도 고양시 일산서구 주엽로 150, 5호 (주엽동, 자유프라자)"
장애인 의수족 보조기,대전광역시 동구 대전로815번길 78 (정동)
장애인복지협회의료기,"경기도 고양시 덕양구 화중로 126, 507호 (화정동, 찬우물상가)"
장애인사랑나눔터,"서울특별시 노원구 노원로 331, B14호 (중계동, 시영3단지목련아파트)"
장애인사회발전협의회 화성시협의회,"경기도 화성시 건달산로 161, 1층 (팔탄면)"
장원의료기,전라남도 장흥군 중앙로1길 16 (장흥읍)
장한의료기,"부산광역시 연제구 거제천로230번길 53, 상가동 101호 (연산동, 연산센터빌)"
적십장병원 매점,"경상남도 거창군 중앙로 91, 1층 (거창읍, 거창적십자병원)"
전남메디텍,광주광역시 동구 제봉로 63 (남동)
전남의지,광주시 동구 서남동(남동) 88-4번지
전남재활사,전라남도 목포시 둥근섬로 2 (산정동)
전대의료기,"광주광역시 동구 제봉로 53, 1층 (남동)"
전동백화점,"대전광역시 중구 계룡로 833, 1층 (용두동)"
전동차나라,전라북도 무주군 시장윗길 6-4 (안성면)
전동차제천총판대리점,"충청북도 제천시 용두천로 129, 1층 (중앙로2가)"
전동판매점,"경상남도 진주시 월아산로 1181, 1층 103호 (문산읍)"
전라재활의료기,"전라북도 익산시 무왕로 929, 1층 (신동)"
전북의료기,"전라북도 남원시 남문로 472-1 (쌍교동, 임실치즈피자, 전북의료기)"
전북재활사,"전라북도 전주시 덕진구 백제대로 607, 101호 (금암동, GM DAEWOO)"
전북케어랜드,전라북도 익산시 서동로11길 13-1 (주현동)
전주보장구수리센터,전라북도 전주시 완산구 꽃밭정5길 5-2 (평화동1가)
전주휠라인,전라북도 전주시 완산구 꽃밭정5길 7 (평화동1가)
정남진의료기,전라남도 장흥군 칠관로 1557 (관산읍)
정다운노인요양센터 복지용구사업소,인천광역시 남동구 경인로 596 (간석동)
정동통상의료기,경상남도 창원시 의창구 사림로45번길 10-9 (사림동)
정든어르신복지센터,경상북도 문경시 신흥로 206 (흥덕동)
정세의료기,전라북도 익산시 인북로 153 (남중동)
정우건강의료기,전라북도 전주시 완산구 서원로 352 (중화산동1가)
정우메디칼,"대구광역시 동구 화랑로 83 (효목동, 영남빌딩)"
정우의료기,"부산광역시 동구 초량중로 114, 104동 B1층 128호 (초량동, 범양레우스센트럴베이)"
정우의료기,"경상남도 창원시 의창구 창원대로397번길 34, 지하101호 (팔용동, 정우파티마빌딩)"
정우티엠,"부산광역시 동래구 쇠미로119번길 85, 상가동 지하2호 (사직동, 유원아파트)"
정의료기,"강원도 삼척시 중앙로4길 14-34 (남양동, 반석교회)"
정의료기,"전라남도 순천시 강남로 67-1 (장천동, 영태정밀)"
정인의료기,"대전광역시 중구 태평로 148, B1층 (태평동)"
제생의료기,"경기도 성남시 분당구 서현로180번길 20, 본관동 B1층 (서현동, 제생병원)"
제이에스 메디텍,대구광역시 서구 서대구로 339 (비산동)
제이엔비모터스(주),충청남도 논산시 마봉로79번길 17 (연무읍)
제이엔헬스케어,경기도 이천시 죽당로 227-15 (부발읍)
제이엠(JM)메디컬,"경상남도 창원시 의창구 창원대로 400, 3층 319호 (팔용동, 창원기계공구상가)"
제이제이(JJ)메디칼,"충청남도 천안시 동남구 석곡3길 8 1층 101호 (성남면, ST솔루션)"
제이피테크,"경기도 양주시 호명로 24 (백석읍), 진양주택 1층 상가 103호"
제인실업,광주광역시 북구 탁영로15번길 25 (두암동)
제일메디칼,"경기도 안양시 동안구 관평로182번길 20, 101호 (관양동, 동인프라자)"
제일보조기의료기,"부산광역시 동래구 명륜로75번길 12, 1층 (수안동)"
제일오토바이,경상남도 사천시 진삼로 1452 (사천읍)
제일의료기,서울특별시 중랑구 망우로 499 (망우동)
제일의료기,"경기도 고양시 일산서구 호수로856번길 74-3, 지하1층 (대화동)"
제일의료기,경기도 의정부시 금오로 121-4 (금오동)
제일의료기,"경상남도 하동군 중앙로 32 (하동읍, 우리한약방)"
제일의료기,전라남도 여수시 흥국로 46-1 (학동)
제일의료기,서울특별시 종로구 창경궁로 158-0 (원남동)
제일의료기,"경기도 성남시 분당구 서현로 170, 235동 1호 (서현동, 풍림아이원플러스)"
제일의료기,대전광역시 중구 계백로1566번길 68 (유천동)
제일의료기,"경상북도 안동시 평화윗길 141-16, 1층 (평화동)"
제일의료기보조기,경상북도 경주시 금성로 318 (서부동)
제일의료기보청기상사,울산광역시 울주군 동문길 57 (언양읍)
제일의료기상사,"전라북도 정읍시 충정로 606-18 (용계동, 정읍백제약국)"
제일의료기상사,경상북도 포항시 북구 대신로 46 (대신동)
제일의지 보조기,"전라남도 순천시 연향3로 4-1 (연향동, 정산생명공학)"
제일종합의료기,울산광역시 북구 산업로 1005 (연암동)
제일하나의료기,경기도 김포시 흥신로 320-8 (통진읍)
제주굿모닝케어센터(복지용구종합센터),제주특별자치도 제주시 연북로 522 1층 (아라일동)
제주메디,"제주특별자치도 제주시 아연로 531, 1층 (아라일동)"
제주복지용구/UD부동산중개,제주특별자치도 제주시 원당로 46 (삼양일동)
제주의료기상사,제주특별자치도 제주시 중앙로14길 4-1 (이도일동)
제주의료복지용구기관,"제주특별자치도 제주시 우평로 223, 1층 (도평동)"
제주장애인 편의시설,"제주특별자치도 제주시 하귀3길 32, 1층 (애월읍)"
제주케어메디칼,제주특별자치도 제주시 삼성로9길 28 (일도이동)
조선보조기,"경기도 성남시 수정구 성남대로 1273, 1층 102호 (태평동)"
조아의료기,"경기도 파주시 휴암로 538 기가타운빌, 103호 (문산읍)"
조영식재활사,"전라북도 전주시 완산구 천잠로 507, 1층 (효자동3가)"
조은의료기,경상북도 안동시 옥서4길 39-26 (옥동)
조은의료기,"경상북도 경주시 원화로 388-1, 1층 (동천동)"
조은의료기,"전라북도 익산시 고현로 22 (송학동, 신화상사)"
조은의료기,경상남도 김해시 분성로 90 (외동)
조은의료기,"전라북도 군산시 문화로 160 (수송동, 보은약국)"
조은의료기,"충청남도 천안시 서북구 성환2로 19, 101호 (성환읍, 한서SS기정비센터)"
조은의료기·굿모닝보청기,전라남도 구례군 로터리길 16 (구례읍)
종로메디칼,서울특별시 동대문구 망우로16길 11-15 (휘경동)
종로의료기,경기도 파주시 중앙로 288 (아동동)
종로의료기,"서울특별시 구로구 경인로 208, 2층 1호 (오류동)"
종로의료기,경기도 용인시 처인구 백옥대로 1072 (김량장동)
종로의료기,"경기도 고양시 일산동구 동국로 20, 102호 (식사동)"
종로의료기,경상북도 칠곡군 중앙로 243 (왜관읍)
종로의료기,"인천광역시 중구 개항로 81-1 (경동, 종로의료기)"
종로의료기,서울특별시 중랑구 면목로 361 (면목동)
종로의료기,강원도 원주시 남산로 64 (원동)
종로의료기,"서울특별시 도봉구 도봉로 681, 1층 (방학동)"
종로의료기기,서울특별시 금천구 시흥대로138길 10 (독산동)
종로종합의료기,"서울특별시 종로구 종로 233-1, 1층 1호 (종로5가, 신화빌딩)"
종림의수족보조기연구쎈타,"서울특별시 성북구 동소문로28길 54, 102호 (동선동3가)"
좋은사람들 복지센터,"경상북도 고령군 시장길 9, 2층 (대가야읍)"
좋은의료기,울산광역시 남구 문수로 478 (신정동)
좋은의료기,"부산광역시 금정구 서동중심로 46-10, 1층 (서동)"
주)디에스비,전라북도 익산시 무왕로 905 (신동)
주)토마토헬스케어,광주광역시 서구 내방로398번길 5 (농성동)
주니네트웍,광주광역시 서구 화정로 33 (쌍촌동)
주문진의료기 보청기,강원도 강릉시 주문로 33 (주문진읍)
주성메디칼,충청북도 청주시 상당구 영운로 94-1 (금천동)
주식회사 경서메디,"부산광역시 연제구 중앙대로1235번길 41, 102-1호 (거제동, 양지빌딩)"
주식회사 굿모닝실버,"서울특별시 송파구 백제고분로32길 40, 101호 (삼전동, 라움빌)"
주식회사 그레이스케일,"경기도 부천시 경인로 175, 2층 203호 (심곡본동, 케이씨씨엠파이어타워)"
주식회사 다온테크,"경기도 군포시 공단로140번길 47-7 , 3층 302호 (당정동, (주)디피코빌딩)"
주식회사 대세엠케어,"부산광역시 부산진구 엄광로 123, 2층 (가야동)"
주식회사 대아,"경기도 수원시 영통구 월드컵로 164, 지하1층 (원천동, 아주대학병원)"
주식회사 동산메디케어,"대구광역시 수성구 명덕로 386, 1층 (수성동1가)"
주식회사 라인의료기,충청북도 청주시 상당구 단재로 27 (석교동)
주식회사 레마온종일케어,"대구광역시 북구 노원로 62, A동 1,3층 (노원동3가)"
주식회사 루웰,"경기도 용인시 수지구 달맞이로 49, 101-1호 (죽전동)"
주식회사 메디바이스,"대구광역시 수성구 범안로 60, 3층 (범물동)"
주식회사 메디바이스,"경상북도 구미시 대학로 61 , 410호 (양호동, 금오공과대학교 벤처창업관)"
주식회사 미영(미래의료기),"대구광역시 달서구 월배로 97, 10층 (진천동, 나사렛종합병원)"
주식회사 비즈너리,"인천광역시 계양구 경명대로1029번길 27, 2층 (계산동)"
주식회사 비케이헬스케어,"광주광역시 남구 구성로78번길 20, 1층 2호 (월산동, 전통옛날짜장)"
주식회사 빅베어,"경기도 시흥시 옥구천서로237번길 78, 1나동 308호 (정왕동, (주)대양)"
주식회사 사랑모아도건,부산광역시 북구 금곡대로92번길 48 (덕천동)
주식회사 사랑으로,"경기도 수원시 영통구 신원로 306, 1동 비201호 (원천동, 영통 이노플렉스-1단지)"
주식회사 서원이엔엠,"충청남도 천안시 동남구 미죽로 9, 1층 (풍세면, 소매점)"
주식회사 성우,"경기도 고양시 일산동구 성석로 48, 나동 201호 (중산동)"
주식회사 세화호스앤파이프튜브,경상북도 경주시 안강읍 안현로 1329-3 (안강읍)
"주식회사 스위브(SWIV CO.,Ltd.)","경기도 성남시 중원구 둔촌대로 449, B104호 (상대원동, 중앙인더스피아)"
주식회사 시니어스코리아,"인천광역시 부평구 항동로 149, A동 2층 (일신동)"
주식회사 씨아이비즈,"서울특별시 서초구 효령로 62, 6층 (방배동, 백산빌딩)"
주식회사 아임건강,대전광역시 서구 벌곡로 1341 (가수원동)
주식회사 알에스케어서비스,"경기도 김포시 금포로 1231, 지하1층 1호 (운양동)"
주식회사 알에스케어서비스,"경기도 김포시 양촌읍 황금로 117, 메카존 나동 7층 727호"
주식회사 알파메디아,대구광역시 서구 국채보상로21길 15 (이현동)
주식회사 알파메디아가톨릭점,"대구광역시 남구 두류공원로17길 33, 지하1층 (대명동, 대구가톨릭의과대학병원)"
주식회사 엘케어,"강원도 춘천시 삭주로 196, 1층 (후평동)"
주식회사 엠알케어,경기도 김포시 오정동로 107 (하성면)
주식회사 엠코리아토탈서비스,"서울특별시 강남구 개포로140길 32, 1층 (일원동)"
주식회사 엠피에스코리아(용인기흥지점),"경기도 용인시 기흥구 동백죽전대로 444 (중동, 쥬네브썬월드빌딩) 제지1층 제비060호"
주식회사 영광플러스,"부산광역시 사하구 낙동대로 368, 1층 2호 (당리동)"
주식회사 예원,"강원도 원주시 능라동길 75 , 503호 (무실동)"
주식회사 웅부의료기,경상북도 안동시 태사2길 64 (북문동)
주식회사 웰케어,인천광역시 미추홀구 인하로330번길 5-3 (주안동)
주식회사 윙메디칼,"대전광역시 유성구 온천로 59, 509호 (봉명동, 동아벤처타워)"
주식회사 이노메카닉스,"경상남도 양산시 평산중앙3길 18, 1층 (평산동)"
주식회사 이레엠케어,"부산광역시 강서구 대저로221번나길 112, 2층 (대저1동)"
주식회사 이씨엠,"충청북도 청주시 흥덕구 공단로126번길 49 (송정동, 조광산업)"
주식회사 이원의료기,"경기도 구리시 경춘로 160, 1층 (교문동, 도양빌딩)"
주식회사 자모,"경기도 파주시 헤이리로 284, 2동 (탄현면)"
주식회사 제이에스 헬스케어 원광대점,전라북도 익산시 무왕로 913 제이에스 헬스케어 (신동)
주식회사 착한,"부산광역시 사하구 사리로7번길 22, 1층 (괴정동)"
주식회사 케어플러스,경기도 양주시 화합로1162번길 27 (은현면)
주식회사 케이씨휠체어,"서울특별시 송파구 성내천로 179, 1층 (마천동, 노비코리아)"
주식회사 케이엠글로벌,"서울특별시 중랑구 겸재로50길 30, 1층 (면목동)"
주식회사 케이체어,경기도 성남시 중원구 둔촌대로309번길 8 1층 (하대원동)
주식회사 티바이오,"경상북도 경산시 솔구불길 18, 501호 (와촌면, 첨단메디컬융합섬유센터)"
주식회사 한국메디칼,경상남도 창원시 의창구 팔용로423번길 20 (팔용동)
주식회사 한국평생교육원,"광주광역시 광산구 상무대로 305, 4층 (소촌동)"
주식회사 헤윰,"대전광역시 서구 대덕대로335번길 39, 3층 2호 (월평동, 낙원빌딩)"
주식회사 휠연구소,"경상남도 김해시 금관대로599번길 12, 203호 (내덕동)"
주식회사 휴먼테크,"울산광역시 중구 남외2길 50 트레져프라자, 1층 107호 (남외동)"
주식회사 희망나무,대구광역시 달성군 논공로 764 (논공읍)
주식회사 힐빙케어,"경기도 부천시 상이로21번길 8-23, 1층 (상동)"
주식회사사람꽃메디,경기도 용인시 처인구 석성로819번길 106 (포곡읍)
주식회사신세계의료기,"대구광역시 북구 칠성남로26길 45, 1층 (칠성동2가)"
주식회사아이엘,"울산광역시 중구 종가로 651, 213호 (서동)"
주식회사유투케어,대구광역시 달성군 현풍읍 비슬로130길 16 1층 (현풍읍)
주식회사이웃사람들,경기도 수원시팔달구 수성로 92-0(화서동)농민회관본관3층
주식회사휠스코리아,"경기도 용인시 기흥구 기흥단지로141번길 23, 2층 (고매동)"
주안의료기,인천광역시 미추홀구 미추홀대로 660-5 ()
주연의료기,"대구광역시 달서구 학산로7안길 73-8, 101호 (본동)"
주연의료기,"서울특별시 종로구 대학로7길 10-1, 1층 (연건동)"
주영치과의료상사,강원도 속초시 수복로 100 (교동)
주원의료기&복지용구,"충청남도 천안시 동남구 중앙로 64, 1층 (영성동, 서울치과)"
준계기,서울특별시 서대문구 홍연길 82 (연희동)
준메디칼,"서울특별시 강동구 양재대로99길 5, 302호 (성내동, 기풍빌딩)"
중부복지용구,충청북도 충주시 탄금대로 31 (문화동)
중앙메디칼,"경상남도 창원시마산회원구 광려로 37, 상가209동 109호 (내서읍, 삼계대동이미지2차아파트)"
중앙보조기,대구광역시 중구 달구벌대로 2206 (대봉동)
중앙오토바이,강원도 양구군 중심로 81 (양구읍)
중앙의료기,충청북도 제천시 숭문로 58 (명동)
중앙의료기,전라남도 구례군 중앙로 73-1 (구례읍)
중앙의료기,강원도 원주시 중평길 69-3 (평원동)
중앙의료기,충청남도 부여군 부여읍 부여로 5-8
중앙의료기,전라남도 순천시 팔마로 55 (풍덕동)
중앙의료기,경상남도 창원시 진해구 충장로 267 (경화동)
중앙의료기,경기도 부천시 경인로10번길 24 (송내동)
중앙의료기,서울특별시 동작구 서달로 155 (흑석동)
중앙의료기복지용구,"경상남도 함양군 용평7길 18-1 (함양읍, 충남식당)"
중앙의료기상사,"서울특별시 종로구 종로 200, 바열동 지하층 1,2,3호 (종로4가)"
중앙의지보조기,"부산광역시 동래구 반송로175번길 4, 1,2,지하층 (낙민동)"
증평보청기,"충청북도 증평군 광장로 106, 1층 (증평읍, 제일가정의학과)"
증평의료기,충청북도 증평군 중앙로10길 4 (증평읍)
지노메디컬,경상남도 합천군 용계길 264-67 (합천읍)
지노팜유통의료기,"경상남도 남해군 화전로 92 (남해읍, SK텔레콤)"
지산의료기보청기,대구광역시 수성구 용학로 177 (지산동)
지선의료기,충청남도 서산시 동헌로 75 (읍내동)
지성메디칼,경기도 고양시 일산동구 동국로 16 (식사동)
지에스메디칼,충청남도 예산군 역전로 69 (예산읍)
지엘보조기,"대구광역시 남구 성당로 288, 1층 (대명동)"
지엠메디칼,"울산광역시 중구 남외2길 10, 상가동 503호 (남외동, 삼환나우빌1단지)"
지오메디텍,대구광역시 북구 학정로 5 (태전동)
지오메디텍주식회사,대구광역시 북구 학정로 5 2층 (태전동)
지오파트너,"서울특별시 강남구 언주로130길 17, B1층 (논현동)"
지원의료기,"부산광역시 부산진구 당감서로 21, 120동 11호 (당감동, 무궁화아파트)"
진 메디케어,"부산광역시 남구 용호로109번길 28, 1층 (용호동, 희망떡방앗간)"
진메디컬,"충청남도 당진시 거산3거리길 21, 112호 (신평면, 정철어학원)"
진성복지용구의료기,"경상남도 밀양시 중앙로 364, 4층 402호 (내일동, 송정빌딩)"
진앤컴퍼니,"대구광역시 수성구 용학로50길 27, 3층 (지산동)"
진영의료기,부산광역시 서구 구덕로 188-1 (토성동3가)
진의료기,대구광역시 서구 국채보상로 415 (비산동)
진주대학의료기,경상남도 진주시 동진로20번길 25-0 (칠암동)
"진주보청기센터,대한복지용구",경상남도 진주시 장대로 29 (장대동)
진주의료기,"충청남도 서천군 서천로 28-2 (서천읍, 서일학원)"
진천성모의료기,충청북도 진천군 중앙북로 33 (진천읍)
진평종합기기,경상북도 구미시 인동20길 45 (진평동)
진해의료기,경상남도 창원시 진해구 충장로 131-1 (여좌동)
참메디칼,서울특별시 도봉구 도봉로135길 13 (쌍문동)
참사랑실버용품샵,"경기도 고양시 덕양구 토당로 72, 나동 2층 (토당동)"
참사랑의료기,전라남도 보성군 홍암로 68 참사랑의료기 (벌교읍)
참의료기,"경상남도 창원시 의창구 사화로9번길 26, 108호 (팔용동, 상아데파트)"
참조은메디칼,경상남도 양산시 서창로 59 1층(웅상중앙병원) (명동)
참조은소리독일보청기,"서울특별시 강서구 양천로57길 13, 2층 203호 (가양동, 시드프라자)"
참조은애의료기,"경기도 오산시 밀머리로1번길 14, 102호 (원동, 메디마트)"
참조은의료기,대구광역시 중구 동덕로30길 63-1 (동인동4가)
참조은의료기·보청기,제주특별자치도 제주시 월랑로 96 (도두일동)
참좋은 보조기,부산광역시 동구 진성로28번길 15 (좌천동)
참좋은메디칼,부산광역시 동구 수정중로 8-1 (수정동)
참편한 보조기,부산광역시 북구 만덕대로65번길 55 (덕천동)
참행복의료기기,전라북도 임실군 오수로 134-1 (오수면)
창남메디칼,부산광역시 동구 고관로 71 (수정동)
창대헬스케어,"인천광역시 남동구 장승남로69번길 24-10, 지층 (만수동)"
창원광일의료기,"경상남도 창원시 성산구 원이대로 668, 1층 4호 (상남동, 황강빌딩)"
창원보청기체험센터,"경상남도 창원시 성산구 상남로 89, 43호 (상남동, 화신상가)"
창원의료기,"경상남도 창원시 성산구 창원대로 726, 19호 (내동, 내동상가아파트)"
창의메디칼 순천점,전라남도 순천시 이수로 315 (조례동)
천사의료기,강원도 원주시 원일로 182 (학성동)
천사의료기,충청남도 부여군 사비로99번길 8-2 (부여읍)
천세,"서울특별시 구로구 부일로15길 25-5, 1층 (궁동, 금강빌딩)"
천수기업,"경기도 수원시 권선구 세권로195번길 10-14, 1층 (권선동)"
천지인의료기,"경기도 성남시 중원구 산성대로476번길 5 (은행동, 1층)"
천호의료기상사,서울특별시 강동구 천중로 79 (천호동)
첨단의지제작소,"광주광역시 북구 첨단연신로 25, 104호 (연제동)"
청구의료기,서울특별시 은평구 통일로83길 6 (갈현동)
청남복지센터,충청북도 청주시 상당구 월평로144번길 32 (용암동)
청도의료기,경상북도 청도군 고수구길 12-1 (청도읍)
청명오토바이,경상북도 청도군 한내길 108 (청도읍)
청솔메디,"대구광역시 수성구 무열로19길 11, 1층 (만촌동)"
청송보청기 의료기(와이텍스보청기),"경상북도 청송군 중앙로 241, 1층 (청송읍)"
청우복지용구 청우의료기,충청남도 예산군 예산읍 예산로176번길 4 (예산읍)
청우이엔씨,경상남도 창원시 진해구 충장로130번길 12 (화천동)
청주성모의료기,"충청북도 청주시 청원구 주성로 173-19, 1층 (주중동, 청주성모병원)"
청주의료기,충청북도 청주시 청원구 상당로 297-0 (내덕동)
청해복지용구센터,전라남도 완도군 장보고대로 239-1 (완도읍)
초량의수족,부산광역시 동구 고관로 69 (수정동)
촉석메디칼,경상남도 진주시 화개천로 74 (정촌면)
춘향스쿠터,"전라북도 남원시 장백산로 84 (주천면, 물레방아민속주점)"
충남대학교병원,"대전광역시 중구 문화로 282 (대사동, 충남대학교병원)"
충남장애인보장구센터,충청남도 공주시 봉황로 138 (교동)
충무의료기,"충청남도 아산시 문화로 385, 1층 (모종동)"
충무휠체어,"충청남도 예산군 예산로 208-1, 2층 (예산읍)"
충주의료기,충청북도 충주시 금봉대로 365 (교현동)
충청의료기,충청남도 논산시 시민로294번길 5 (내동)
충청의료기상사,"충청남도 천안시 동남구 대흥로 127, 105호 (사직동, 천안세브란스의원)"
츠바메,"울산광역시 남구 도산로 9, 1동 2호 (달동, 이진빌라)"
칠칠칠 복지용구,전라북도 전주시 완산구 용머리로 161 (효자동1가)
커뮤니티 숲 - 정관의료기,"부산광역시 기장군 정관5로 12, 228동 141호 (정관읍, 동원로얄듀크2차아파트)"
케어 라이프(K-LIFE),"경기도 양평군 중앙로 135, 101호 (양평읍, 준빌리지)"
케어 메디칼,경기도 의정부시 부용로210번길 14 (신곡동)
케어114,"인천광역시 부평구 장제로 170, 1층 (부평동, 금호베스트빌아파트)"
케어곰두리봉사회,"서울특별시 강서구 공항대로41길 51 지하1층 133호 (등촌동, 세신그린코아빌딩)"
케어라이프,제주특별자치도 제주시 천수로 10 (이도이동)
케어라이프코리아(주),"서울특별시 강동구 선사로 50, 1층 (천호동, 럭키빌딩)"
케어라인일렉스타,"전라북도 익산시 평동로7길 77-1, 1층 (중앙동3가)"
케어런의료기,"서울특별시 강북구 삼양로107길 10, 1층 101호 (수유동)"
케어메디칼,"전라북도 익산시 왕궁로 146 (왕궁면, 현대공업사)"
케어메디칼,충청북도 청주시 서원구 양촌3길 64 (남이면)
케어메디칼,전라북도 전주시 덕진구 동부대로 697-1 (우아동3가)
케어메디칼,"경기도 남양주시 경춘로1256번길 10, 206호 (평내동, 평내프라자)"
케어존,"경기도 수원시 권선구 구운로64번길 7-37, 1층 (구운동)"
케어존,"서울특별시 강서구 강서로45길 174, B01호 (내발산동, 수명산씨티)"
케어존(남부지점),경상남도 진주시 서장대로 255 (이현동)
케어존-동부지점,강원도 원주시 무실로43번길 24 (원동)
케어팜,"경기도 성남시 중원구 사기막골로 124, 테크동 B2층 202-1호 (상대원동, SKn테크노파크)"
케어플러스,"경기도 의정부시 충의로57번길 7-7, 1층 101호 (용현동)"
케이씨,서울특별시 송파구 성내천로 179 (마천동)
케이씨메디케어,"대전광역시 중구 계백로1584번길 17, 1층 (유천동)"
"케이알모터강진대리점(효성상사),탐진의료기",전라남도 강진군 보은로 127 (강진읍)
케이에이치라이프(KHLife),"경기도 의정부시 동일로 516, 3층 301호 (신곡동)"
코리아통상 주식회사 울산대학교병원점,"울산광역시 동구 방어진순환도로 877, 1층 (전하동, 울산대학교병원)"
코스모엠케어,"서울특별시 중구 다산로20길 12, 201호 (신당동, 수창빌딩)"
큰솔병원매점,"부산광역시 사상구 대동로 141 (학장동, 학장 큰솔병원)"
킴스케어,"경기도 하남시 신장1로 27 (신장동, 예뜰어린이집)"
탑메디,부산광역시 기장군 청강로 60 (기장읍)
탑의료기,"부산광역시 남구 수영로 172, 1층 (대연동, 부동산컨설팅)"
탑이원건강의료기,"경기도 구리시 갈매중앙로 87, 2층 202호 (갈매동, 메이저타워)"
태경메딕스,광주광역시 북구 대천로 79 (오치동)
태경의료기,"대전광역시 중구 당디로 24, 1층 (산성동)"
태광의료기,광주광역시 동구 백서로 136-4 (학동)
태리의료기상사,서울특별시 영등포구 영중로 64 (영등포동5가)
태백희망복지용구,강원도 태백시 태백로 2120 (장성동)
태안의료기복지센터,충청남도 태안군 군청6길 24 (태안읍)
태양의료기,"충청남도 아산시 온천대로 1626-3, 103호 (풍기동, 포유치과)"
태양의료기,"서울특별시 강북구 도봉로 376, 463동 43호 (번동)"
태양의료기,"서울특별시 강북구 도봉로 376, 463동 43호 (번동) 463-43"
태영의료기,"경기도 군포시 고산로250번길 12, 207호 (당동, 중앙프라자)"
태웅의료기상사,경기도 안산시 상록구 구룡로 84 (일동)
터닝포인트,"부산광역시 수영구 광안해변로 311, 19층 1931호 (민락동, 서희스타힐스 센텀프리모)"
터닝포인트,"경상남도 창원시 마산합포구 창동거리길 50, 2층 207호 (창동, 창동공화국)"
터미널의료기,경기도 이천시 중리천로 93 (창전동)
테마건강의료기,"경기도 안산시 상록구 용신로 351, 110호 (본오동, 대아상가)"
토탈실버,경기도 용인시 처인구 석성로819번길 90-19 (포곡읍)
토토무역상사,충청남도 홍성군 조양로65번길 59 (홍성읍)
통합상사,광주광역시 동구 제봉로 70 (서석동)
통합의수족,"광주광역시 남구 대남대로181번길 18-1 (주월동, 송광방앗간)"
통합의수족보조기제작소,대전광역시 중구 테미로 43 (대흥동)
통합의수족보조기제작소,전라북도 전주시 덕진구 기린대로 374 (금암동)
튼튼 복지용구,"부산광역시 해운대구 우동2로 28, 1층 (우동)"
파워마트,경상북도 안동시 경동로 616-1 (안흥동)
파워메디,"경기도 부천시 수주로 31-1, 1층 103,104호 (고강동)"
파워메디칼,"경기도 부천시 중동로 64, 상가동 108호 (송내동, 부천중동역푸르지오)"
파주해바라기 장애인자립생활센터,"경기도 파주시 공릉장터길 46, 5층 (조리읍, 봉일천순복음교회)"
파티마보조기의료기백화점,경상북도 포항시 북구 용당로 84 (대흥동)
파티마의료기,대구광역시 동구 아양로 113 (신암동)
팔팔의료기,충청북도 음성군 음성로 1344 (금왕읍)
팔팔종합상사,경상남도 창원시마산회원구 회원북24길 19 (회원동)
퍼스트케어,"서울특별시 노원구 동일로237가길 19-10, 1층 (상계동)"
퍼슨,"경기도 김포시 중봉1로 12, b205호 (감정동, 이삼메디칼센타)"
편리함에빠지다의료기,"경기도 수원시 영통구 인계로 253, 1층 (매탄동)"
평강의료기,"서울특별시 은평구 통일로 1020, 106호 (진관동)"
평남의료기,강원도 양구군 비봉로 64-53 (양구읍)
평생의료기,"경상북도 포항시 북구 법원로140번길 16, 1층 (장성동)"
평촌의료기,"경기도 안양시 동안구 관평로170번길 33, 106호 (관양동, 평촌주공공이)"
평화바이크.의료기,"강원도 화천군 상승로 60 (화천읍, 평화오토바이)"
평화의료기,경상북도 구미시 신시로10길 13 (송정동)
평화의료기,"전라남도 목포시 중화길 10 (상동, 2층)"
평화의료기,경기도 평택시 국제로 37 (서정동)
평화의료기,전라북도 전주시 완산구 장승배기로 203 (평화동1가)
포낙보청기 마산센터,"경상남도 창원시 마산합포구 3·15대로 9 114~115호, 114호 (월남동5가, 월영 마크리움 주상복합)"
포웰 주식회사,"서울특별시 강동구 올림픽로78길 9, 11호 (천호동)"
포천C.I.L,경기도 포천시 청신로 2072 (신북면)
포천의료기상사,"경기도 포천시 포천로 1604 (신읍동, 고려빌딩)"
포항세방전지,경상북도 포항시 남구 철강로141번길 5 (연일읍)
포항의료기상사,경상북도 포항시 북구 죽도로 4-1 (대흥동)
포항의료보장구종합센터,경상북도 포항시 남구 청림남길 50-13 (청림동)
푸른 의수족 의료기,전라북도 전주시 완산구 반촌로 19-2 (서노송동)
푸른의료기상사,"인천광역시 남동구 인주대로 857 (만수동, 삼환상가)"
푸른의수족,"전라북도 익산시 왕궁로 146 (왕궁면, 현대공업사)"
푸른의수족의료기,"전라북도 전주시 덕진구 거북바우로 76, 1층 3호 (인후동2가)"
필립의료기,서울특별시 강북구 도봉로 269 (수유동)
하나메디칼,부산광역시 사하구 하신번영로167번길 54 (신평동)
하나엠케어,"대전광역시 중구 대종로583번길 28, 1층 (선화동)"
하나의료기,"대전광역시 대덕구 한남로88번길 40, 102호 (오정동)"
하나의료기,경기도 안산시단원구 선부1동(선부동) 1071-1호 한도병원(B102호)
하나의료기,"경기도 안산시 단원구 보배2길 59, 나동 1층 (고잔동)"
하나의료기,"경상북도 포항시 북구 한동로33번길 3, 101호 (흥해읍)"
하나의료기,전라북도 정읍시 상동중앙로 83 (상동)
하나의료기,"강원도 강릉시 방동길 38 (사천면, 강릉아산병원)"
하남의료기,"경기도 하남시 하남대로 823, 1층 (덕풍동)"
하늘높이복지용구사업소,"경기도 시흥시 신천로68번길 4 (신천동, 1층)"
하늘케어,경기도 광주시 중앙로187번길 9 (송정동)
하늘케어,"경기도 성남시 수정구 제일로 219-2, 1층 (태평동)"
하양의료기,경상북도 경산시 대학로 1527-1 (하양읍)
하이의료기,대구광역시 달서구 월배로 119 (진천동)
하이의료기,"경상남도 김해시 번화1로44번길 28, 1층 103호 (대청동)"
한강의료기기,"서울특별시 동작구 상도로 407-5 삼호아파트 상가동, 1동 114호 (상도동, 삼호아파트)"
한걸음케어,경상북도 김천시 모암길 4 (용두동)
한결보조기,"대전광역시 대덕구 우암로 474, 1층 (비래동)"
한결애복지센터,"경기도 안산시 단원구 선부광장1로 26, 205호 (선부동, 문정프라자)"
한결의료기,"대구광역시 남구 명덕시장길 96, 108호 (대명동, 천호아파트)"
한광메디칼(순천점),전라남도 순천시 원가곡길 17 (가곡동)
한광메디칼(여수점),"전라남도 여수시 성산6길 34, 1층 (화장동)"
한국메디칼,"부산광역시 연제구 거제대로214번길 6, 2층 (거제동, 경남)"
한국모터즈,"경기도 평택시 원평로25번길 61-1, 2층 6호 (군문동)"
한국보조기,"경기도 안양시 동안구 경수대로 927, 별층 1호 (비산동)"
한국보조기상사,대구광역시 중구 달구벌대로 2011-1 (동산동)
한국의료기,전라남도 목포시 산정로 155 (산정동)
한국의료기,충청남도 홍성군 조양로 231 (홍성읍)
한국의료기,"대전광역시 대덕구 계족로 629 (법동, 원남빌딩)"
한국의료기 유한회사,"충청북도 청주시 상당구 영운로 57, 1층 (영운동)"
한국의료기복지용구사업소,경상북도 영천시 최무선로 183-6 (화룡동)
한국의료기복지용구사업소,경상북도 영천시 최무선로 183-6 (화룡동)
한국의료기상사,대구광역시 중구 달구벌대로 2011-1 (동산동)
한국의료기종합상사,"전라북도 남원시 고샘길 13 (금동, 송남식당)"
한국의료보장구,"부산광역시 사상구 사상로 109 (감전동, 세원기업사)"
한국휠체어,"경상북도 구미시 송동로 154, 104동 205호 (도량동, 파크맨션)"
한독의료기,경상북도 상주시 상서문로 50 (남성동)
한독의료기,"경상북도 영주시 중앙로 114-2 (하망동, 영화사)"
한독의료기,경상북도 구미시 신시로8길 7-9 (형곡동)
한독의료기,"경상북도 문경시 중앙로 147 (점촌동, 한옥의료기)"
한독의료기,"경상북도 문경시 중앙로 147 (점촌동, 한옥의료기)"
한독의료기,경상북도 안동시 서동문로 104 (광석동)
한독의료기,경상북도 경산시 경안로 202 (중방동)
한독의료기,"충청북도 증평군 삼보로 114-1, 3동 1층 (증평읍)"
한독의료기,경상북도 예천군 시장로 130 (예천읍)
한독의료기보청기상사,"경상북도 경주시 화랑로 94-1, 1층 (동부동, 화성빌딩)"
한독의료기상사,부산광역시 중구 광복로37번길 8 (창선동2가)
한라의료기,제주특별자치도 제주시 동문로 69 (건입동)
한라전동차 충서대리점,"충청남도 예산군 충서로 1154 A동남쪽 2,3,4상가 (예산읍)"
한마음돌봄사회서비스협동조합,"전라남도 나주시 영강길 14-4, 2층 105호 (삼영동)"
한마음복지센터,"부산광역시 남구 용호로216번가길 40, 203호 (용호동, 용호동 성모프라자)"
한마음실버복지용구,"경기도 포천시 왕방로 159 (신읍동, 유한아파트상가)"
한마음의료기,전라북도 전주시 덕진구 백제대로 671 (금암동)
한마음케어,"인천광역시 남동구 구월말로85번길 17-10, 1층 (만수동)"
한방의료기,충청북도 충주시 삼원로 25 (봉방동)
한밭의료기,대전광역시 동구 대전로 823-1 (정동)
한북실버케어,경기도 의정부시 흥선로 132 (의정부동)
한빛의료기,"경상북도 영주시 구성로 381 (영주동, Champions)"
한빛의료기,전라북도 군산시 진포로 249 (경암동)
한빛의수족보조기,"충청남도 천안시 동남구 천안여상로 19, 1층 (봉명동, 모아문구)"
한서의료기,전라북도 김제시 동서로 154 (요촌동)
한성의료기보청기상사,경상북도 경주시 화랑로 63-0 (서부동)
한성의료기보청기상사,울산광역시 동구 방어진순환도로 795 (전하동)
한솔 의료기,경기도 여주시 여흥로 149 (상동)
한솔라이프케어,"대전광역시 동구 동서대로 1579, 상가동 205호 (홍도동, 홍도아파트)"
"한솔의료기, 조은소리보청기",경상남도 창녕군 창녕대로 59 (창녕읍)
한솔전동차,"전라남도 나주시 영산로 5434 (성북동, 효성스즈끼대림혼다)"
한신브레텍독일보청기,경상남도 거제시 계룡로 98 지하 1층 (고현동)
한신의료보조기,"경상남도 창원시 마산합포구 3·15대로 228-1 (중앙동3가, 한신의료보조기)"
한양의료기,"경기도 고양시 덕양구 호국로 816, 1층 (성사동, 동양쇼핑A)"
한양의지,"서울특별시 성동구 동일로 273 , 1,2호 (송정동, 경한빌딩)"
한영의료기,전라남도 여수시 좌수영로 40 (서교동)
한우리메디칼,"광주광역시 남구 큰방림길 34 (방림동, 이스턴영어)"
한울메디컬센터,"서울특별시 강서구 양천로57길 36, 상가B동 104호 (가양동, 가양5단지아파트)"
한일복지용구판매센터,"경상남도 진주시 진양호로65번길 6-7, 1층 (판문동)"
한일사의료기,"경기도 성남시 수정구 수정로 205 (태평동, 산운빌딩１층)"
한일실버케어,인천광역시 부평구 갈월동로29번길 40-12 (갈산동)
한일의료기,"서울특별시 강동구 성안로 143, 1층 101호 (천호동, 청광노블하임)"
한일의료기,"부산광역시 부산진구 중앙대로 795 (부전동, 4호)"
한일의료기,"경상북도 영주시 구성로 298 (휴천동, 한전사)"
한일의료기,"경상북도 문경시 중앙로 154-1 (점촌동, 디지털LG)"
한일의료기,"경기도 수원시 영통구 월드컵로150번길 20, 103호 (원천동, 아주프라자)"
한일의료기,"경기도 의정부시 범골로158번길 50, 1층 (의정부동)"
한일의료기,경기도 구리시 경춘로 169 (교문동)
한일의료기상사,경기도 고양시 일산서구 호수로856번길 73-18 (대화동)
한일의수족보조기,"전라남도 목포시 영산로 375, 1층 (용해동)"
한일의지보조기센터,"경기도 평택시 문화촌로11번길 7-10, 지하동 (비전동)"
한진상사 의료기기,전라남도 함평군 내바람길 60 (함평읍)
한창의료기,부산광역시 서구 구덕로 198 (부민동1가)
한흥의료기,부산광역시 동래구 석사북로 8 (사직동)
함길수제화&의지보조기,"서울특별시 구로구 오리로 지하1154, 2-1호 (천왕동, 천왕역)"
해남의료기보청기상사,전라남도 해남군 해남읍 남부순환로 156
해동의료기,부산광역시 영도구 절영로13번길 72 (영선동1가)
해림의료기,"광주광역시 북구 군왕로18번길 15 (풍향동, 금성맨션)"
해오름,"부산광역시 영도구 동삼로50번길 5, 1층 (동삼동)"
해오름메디칼,부산광역시 북구 금곡대로616번길 109 (금곡동)
해오름복지용구,부산광역시 북구 모분재로15번길 103 (덕천동)
해인의료기,대구광역시 달서구 월배로75길 66 (송현동)
해피비즈,대구광역시 남구 성당로 86-2 (대명동)
핼스마트,경상북도 구미시 상사동로 200 (사곡동)
행복 복지용구사업소,"대전광역시 중구 대둔산로326번길 11, 101호 (사정동)"
행복나눔(복지용구),제주특별자치도 제주시 가령로 44 (이도이동)
행복누리협동조합,"울산광역시 남구 삼산로45번길 30, 상가동 B111호 (신정동, 이안신정)"
행복메디칼,"서울특별시 강서구 양천로24가길 19, 1층 (방화동)"
행복배터리메디칼,"대전광역시 동구 계족로 429, 108호 (용전동)"
행복의료기,대구광역시 동구 신암로 120 (신암동)
행복의료기,서울특별시 종로구 종로 252 (종로5가)
행복의료기,경상남도 사천시 남일로 22-1 (동금동)
행복의료기,"충청남도 홍성군 홍성천길 242, A-4동 6호 (홍성읍, 홍성전통시장 어물전)"
행복의료기,"경상북도 울진군 울진중앙로 165, 1층 103호 (울진읍, 장원로얄맨션)"
행복의료기,"경상남도 창원시 마산합포구 상남시장로 37, 103호 (상남동, 서전빌라)"
행복이음의료기,"충청남도 금산군 금산로 1468 (금산읍, 하나로텔레콤)"
행복전동휠체어협동조합,"대전광역시 서구 용문로 118, 101,102호 (용문동, 한진아파트)"
행복케어,"경기도 남양주시 경춘로1308번길 20-9, 16호 (평내동, 진주종합상가)"
행복한 세상,"충청북도 옥천군 향수1길 17, 102호 (옥천읍, 한의원)"
행복한 의료기,"경기도 양주시 고암길 208, 201호 (고암동, 골드프라자)"
행복한의료기,"경기도 양주시 고암길 208, 201호 (고암동, 골드프라자)"
행복한의수족,"경기도 하남시 미사대로 540 A동 근린생활시설, 2층 20호 (덕풍동)"
향누리,"경기도 안양시 동안구 전파로 88 지하1층, B10호 (호계동, 신원비젼타워)"
헬스드림,서울특별시 영등포구 영등포로 198-0 (영등포동4가) 1층
헬스마일 인천계양점,"인천광역시 계양구 장제로 718, 1층 106호 (작전동, 상록메디컬센터)"
헬스마일 장안점,"서울특별시 동대문구 답십리로67길 2, 2호 (장안동)"
헬스마일서울의료원점,"서울특별시 중랑구 신내로16길 17, 106호 (신내동)"
헬스마일평택점,경기도 평택시 탄현로 318 (지산동)
헬스케어의료기,강원도 강릉시 보래미하길 19 (포남동)
현대메디칼,"경상남도 함안군 충무길 47 (가야읍, 은혜부동산)"
현대메디칼,전라남도 목포시 중화길 1 (상동)
현대메디칼,"부산광역시 북구 모분재로149번길 18 1층, 101층 (구포동)"
현대메디칼,서울시 성동구 용답동(용답동) 228-1번지
현대메디텍,"경상남도 김해시 장유로 190, 1층 105호 (부곡동, 부영빌딩)"
현대오토바이,경상북도 영천시 최무선로 347 (문외동)
현대유압호스,충청북도 영동군 학산영동로 1233 (영동읍)
현대의료기,"경기도 이천시 중리천로 23, 103호 (창전동)"
현대의료기,"강원도 강릉시 방동길 37, 1층 (사천면)"
현대의료기,경상북도 영천시 모란2길 38 (야사동)
현대의료기,경기도 여주시 세종로 36-2 (홍문동)
현대의료기,"경기도 수원시 팔달구 중부대로 123, 1층 (지동, 우성빌딩)"
현대의료기,경상북도 안동시 서동문로 108 (광석동)
현대의료기,"경상남도 진주시 진주대로1270번길 11-1, 상가동 101호 (유곡동, 유곡한보아파트)"
현대의료기,전라북도 무주군 안성로 277 (안성면)
현대의료기,강원도 춘천시 성심로 14 (교동)
현대의료기,"부산광역시 북구 만덕대로 46-1 (덕천동, 현대의료기)"
현대의료기,경상북도 포항시 남구 상공로 129 (대도동)
현대의료기,부산광역시 북구 만덕대로 46-1 (덕천동)
현대의료기,"경상남도 양산시 신기3길 2, 101호 (신기동, 톱텍퍼스)"
현대의료기,"충청남도 천안시 서북구 다가말3길 16 (쌍용동, 현대의료기)"
현대의료기,전라북도 장수군 장계면 한들로 91
현대의료기,경기도 안양시 만안구 안양로 344-1 (안양동)
현대의료기상사,경상남도 창원시 진해구 웅동로57번길 4 (마천동)
현대의료기상사,충청북도 충주시 광명2길 10-1 (교현동)
현대의료기상사,부산광역시 중구 광복로 23 (부평동1가)
현대의료기상사,서울특별시 성북구 화랑로33가길 20 (장위동)
현대의료기상사,서울특별시 중랑구 동일로151길 66 (묵동)
현대의료기상사,전라북도 정읍시 충정로 606-17 (용계동)
현대의수족보조기 주식회사,서울특별시 구로구 가마산로 207 (구로동)
현대전동차,"전라남도 무안군 면성1길 10 (무안읍, 대양건설)"
현대종합의료기,경기도 남양주시 봉현로 24 (진접읍)
"현대종합의료기, 보청기",경상북도 경주시 금성로 300 (성건동)
현대체육사,경상북도 문경시 호서로 18 (점촌동)
현대케어,"서울특별시 관악구 당곡2길 17, 1층 (봉천동)"
현산메디칼,강원도 양양군 양양로 80 (양양읍)
협동조합 소풍,부산광역시 기장군 차성로277번길 17 (기장읍)
형제의료기,경상북도 성주군 성주순환로 275 (성주읍)
형제의료기,전라남도 고흥군 녹동남촌3길 3-18 (도양읍)
혜성의료기기상사,"울산광역시 동구 봉수로 370, 105호 (전하동, 전하동현대홈타운)"
혜성재활사,전라남도 순천시 장명1길 4 (장천동)
혜승의료기,"충청남도 논산시 중앙로384번길 35-6, C동 101호 (취암동)"
호계의료기,울산광역시 북구 호계로 291-1 (호계동)
호남의수족,광주광역시 동구 서남로 8 (서석동)
호림의료기상사,"부산광역시 동구 망양로 893, 1층 (범일동)"
호림의수족,부산광역시 동구 중앙대로349번길 18 (수정동)
호매실재가복지센터,경기도 수원시 권선구 매실로 38 2층 (호매실동)
호수의료기,강원도 강릉시 방동길 17 (사천면)
호은의료기,"전라북도 익산시 인북로 335, 1층 (신동)"
홍성의료기상사,충청남도 홍성군 조양로 225 (홍성읍)
홍익보조기,"서울특별시 용산구 한강대로7길 18-12, 1층 (한강로3가, 인영빌딩)"
홍익의료기,대구광역시 달서구 성당로39길 19 (성당동)
홍천의료기,강원도 홍천군 홍천로3길 17 (홍천읍)
화니 라이프 케어 신포항영업점,경상북도 포항시 북구 청하로 222-1 (청하면)
화니라이프케어,"경상북도 포항시 북구 기계로 47-1, 101호 (기계면)"
화니라이프케어 남포항점,경상북도 포항시 남구 정몽주로 592 (오천읍)
화랑오토바이,충청북도 진천군 중앙북2길 24 (진천읍)
화메디,"경기도 성남시 수정구 제일로 192, 202호 (태평동, 율산빌딩)"
화신의료기,"대구광역시 달서구 월곡로26안길 49, 1층 (상인동)"
황토나라 의료기,"전라북도 익산시 인북로 234 (남중동, 큰사랑편의점)"
황토나라의료기,전라북도 김제시 남북로 176 (요촌동)
회르만보청기,충청북도 청주시 청원구 상당로 239-1 (우암동)
효감의료기,경상북도 경주시 양정로 294 (동천동)
효도의료기,"대전광역시 중구 동서대로 1419, 1층 (중촌동)"
효도의료기,"광주광역시 동구 제봉로 47, 1층 (남동)"
효드림방문요양 재가복지용구센터,"경기도 안양시 동안구 관악대로418번길 26, B01호 (관양동)"
효메디칼,경기도 안산시 상록구 오목로3안길 14 (본오동)
효성 의료기,"전라남도 순천시 순광로 220 (해룡면, 성모약국)"
효성모터스 창녕대리점,경상남도 창녕군 당산1길 32 (창녕읍)
효성의료기,"부산광역시 동구 고관로 172-1, 302호 (좌천동, 그린아일)"
효성의료기,경상북도 포항시 남구 상공로 123 (대도동)
효진복지의료기,"경기도 김포시 황금로48번길 13-12, 1동 (양촌읍)"
휄라이프센터,"경기도 고양시 일산서구 현중로 29, 201호 (탄현동, 탄현마을2단지)"
휠라인 대전총판,"대전광역시 대덕구 계족로664번길 27, 103호 (법동, 한마음아파트)"
휠라인업스포츠,"경상북도 칠곡군 왜관읍 매원새마길 20-34 , 1층 102호 (왜관읍)"
휠마스터,"경기도 의정부시 둔야로45번길 11, 1층 A163호 (의정부동)"
휠앤스,"전라남도 나주시 영산포로 97-13 (운곡동, 대현슈퍼)"
휠체어 맞춤공학,"부산광역시 북구 효열로 270, 상가동 105호 (금곡동, 금곡1단지주공아파트)"
휠체어 타는 사람들,대전광역시 유성구 복용북로 69 (복용동)
휠테크메디칼,"서울특별시 구로구 오리로 1197, 209호 (오류동, 금강수목원아파트)"
휠플러스,"전라북도 전주시 덕진구 건산로 185, 1층 (인후동1가)"
휴먼서버,"부산광역시 사하구 까치고개로 50-5, 1층 (괴정동)"
휴먼에어 동행의료기,"대구광역시 달서구 달구벌대로 1019, 2층 (호산동)"
휴먼의료기,대전광역시 중구 계룡로881번길 9-12 (용두동)
휴본,"서울특별시 관악구 조원로16가길 35, 지층 B01호 (신림동)"
휴안경원(조은소리 보청기 양천센터),"서울특별시 양천구 목동남로4길 2, 127호 (신정동, 세양청마루2차주상복합)"
휴헬스케어,"광주광역시 서구 금호운천길 102, 102호 (쌍촌동)"
희망담은 휠체어수리센터,"부산광역시 금정구 서부로42번길 8, 1층 (서동)"
희망메디칼,"충청남도 천안시 서북구 미라15길 19, 102호 (쌍용동, 현부동산)"
희망숲,"전라북도 전주시 덕진구 백제대로 686, 303-1호 (인후동2가)"
희망의료기,"경기도 안산시 단원구 원포공원1로 20, 107호 (초지동, 동의성단원병원)"
희망의료기,전라북도 익산시 무왕로 922 (신동)
희망의료기,"충청남도 천안시 동남구 차돌로 91, 1층 (봉명동, 민성사)"
희망의료기,"대구광역시 북구 동천로23길 30-3, 1층 (동천동)"
희망의료기센터,"경기도 가평군 가화로 169, 1층 102호 (가평읍)"
희망찬의료기,"경기도 포천시 중앙로 118, 1층 (신읍동)"
힐링케어,"인천광역시 남동구 하촌로70번길 70-15, 101호 (만수동, 유로타운)"
힘찬 의료기,"울산광역시 중구 남외2길 50, 1층 103호 (남외동)"
힘찬건강케어,"인천광역시 부평구 장제로 78, 1층 (부평동, 부평힘찬병원)"
